/*
SQLyog Ultimate - MySQL GUI v8.2 
MySQL - 5.5.27 : Database - onlineshopping
*********************************************************************
*/

/*!40101 SET NAMES utf8 */;

/*!40101 SET SQL_MODE=''*/;

/*!40014 SET @OLD_UNIQUE_CHECKS=@@UNIQUE_CHECKS, UNIQUE_CHECKS=0 */;
/*!40101 SET @OLD_SQL_MODE=@@SQL_MODE, SQL_MODE='NO_AUTO_VALUE_ON_ZERO' */;
/*!40111 SET @OLD_SQL_NOTES=@@SQL_NOTES, SQL_NOTES=0 */;
CREATE DATABASE /*!32312 IF NOT EXISTS*/`onlineshopping` /*!40100 DEFAULT CHARACTER SET utf8 */;

USE `onlineshopping`;

/*Table structure for table `car` */

DROP TABLE IF EXISTS `car`;

CREATE TABLE `car` (
  `float_number` int(11) NOT NULL AUTO_INCREMENT,
  `gid` int(11) DEFAULT NULL,
  `login_id` varchar(20) DEFAULT NULL,
  `g_number` int(11) DEFAULT NULL,
  PRIMARY KEY (`float_number`),
  KEY `FK_car1` (`gid`),
  KEY `FK_car2` (`login_id`)
) ENGINE=InnoDB AUTO_INCREMENT=159 DEFAULT CHARSET=utf8;

/*Data for the table `car` */

insert  into `car`(`float_number`,`gid`,`login_id`,`g_number`) values (119,88,'18846831245',1),(139,88,'15677823365',1),(141,11,'18846433044',1),(151,1,NULL,1),(157,76,'19917629713',2),(158,104,'19917629713',3);

/*Table structure for table `connect` */

DROP TABLE IF EXISTS `connect`;

CREATE TABLE `connect` (
  `run_number` int(11) NOT NULL AUTO_INCREMENT,
  `gid` int(11) DEFAULT NULL,
  `dd_id` int(11) DEFAULT NULL,
  `count` int(11) DEFAULT NULL,
  `gname` varchar(20) DEFAULT NULL,
  `gpicture` varchar(500) DEFAULT NULL,
  PRIMARY KEY (`run_number`),
  KEY `FK_connect1` (`dd_id`),
  KEY `FK_connect2` (`gid`)
) ENGINE=InnoDB AUTO_INCREMENT=113 DEFAULT CHARSET=utf8;

/*Data for the table `connect` */

insert  into `connect`(`run_number`,`gid`,`dd_id`,`count`,`gname`,`gpicture`) values (1,2,1,2,'森马T恤','D:\\Users\\zxkj\\Pictures\\shoppingimges\\21532085016399.jpg'),(6,1,8,3,'美特斯邦威男百搭字母印','D:\\Users\\zxkj\\Pictures\\shoppingimges\\11532084983458.jpg'),(7,1,8,2,'美特斯邦威男百搭字母印','D:\\Users\\zxkj\\Pictures\\shoppingimges\\11532084983458.jpg'),(8,1,8,3,'美特斯邦威男百搭字母印','D:\\Users\\zxkj\\Pictures\\shoppingimges\\11532084983458.jpg'),(9,2,8,2,'森马短袖T恤','D:\\Users\\zxkj\\Pictures\\shoppingimges\\21532085016399.jpg'),(10,1,9,3,'美特斯邦威男百搭字母印','D:\\Users\\zxkj\\Pictures\\shoppingimges\\11532084983458.jpg'),(11,1,9,2,'美特斯邦威男百搭字母印','D:\\Users\\zxkj\\Pictures\\shoppingimges\\11532084983458.jpg'),(12,1,9,3,'美特斯邦威男百搭字母印','D:\\Users\\zxkj\\Pictures\\shoppingimges\\11532084983458.jpg'),(13,2,9,2,'森马短袖T恤','D:\\Users\\zxkj\\Pictures\\shoppingimges\\21532085016399.jpg'),(14,1,9,3,'美特斯邦威男百搭字母印','D:\\Users\\zxkj\\Pictures\\shoppingimges\\11532084983458.jpg'),(15,1,10,2,'美特斯邦威男百搭字母印','D:\\Users\\zxkj\\Pictures\\shoppingimges\\11532084983458.jpg'),(16,1,10,2,'美特斯邦威男百搭字母印','D:\\Users\\zxkj\\Pictures\\shoppingimges\\11532084983458.jpg'),(17,1,11,1,'美特斯邦威男百搭字母印','D:\\Users\\zxkj\\Pictures\\shoppingimges\\11532084983458.jpg'),(18,1,11,2,'美特斯邦威男百搭字母印','D:\\Users\\zxkj\\Pictures\\shoppingimges\\11532084983458.jpg'),(19,3,12,5,'短袖T恤男士卫衣','D:\\Users\\zxkj\\Pictures\\shoppingimges\\31532085052294.jpg'),(20,2,12,2,'森马短袖T恤','D:\\Users\\zxkj\\Pictures\\shoppingimges\\21532085016399.jpg'),(21,1,13,3,'美特斯邦威男百搭字母印','D:\\Users\\zxkj\\Pictures\\shoppingimges\\11532084983458.jpg'),(22,117,14,2,'柠檬茶','D:\\Users\\zxkj\\Pictures\\shoppingimges\\11532088674892.jpg'),(23,1,14,3,'美特斯邦威男百搭字母印','D:\\Users\\zxkj\\Pictures\\shoppingimges\\11532084983458.jpg'),(24,1,15,1,'美特斯邦威男百搭字母印','D:\\Users\\zxkj\\Pictures\\shoppingimges\\11532084983458.jpg'),(25,1,15,1,'美特斯邦威男百搭字母印','D:\\Users\\zxkj\\Pictures\\shoppingimges\\11532084983458.jpg'),(26,19,15,9,'丹杰仕男式风衣','D:\\Users\\zxkj\\Pictures\\shoppingimges\\181532085565073.jpg'),(27,3,16,4,'短袖T恤男士卫衣','D:\\Users\\zxkj\\Pictures\\shoppingimges\\31532085052294.jpg'),(28,24,16,2,'牛仔裤男长裤','D:\\Users\\zxkj\\Pictures\\shoppingimges\\31532085700311.jpg'),(29,12,17,1,'跟斗小猪风衣','D:\\Users\\zxkj\\Pictures\\shoppingimges\\111532085328136.jpg'),(30,87,17,1,'荣耀14寸笔记本电脑','D:\\Users\\zxkj\\Pictures\\shoppingimges\\11532087787228.jpg'),(31,67,17,3,'iphoneX','D:\\Users\\zxkj\\Pictures\\shoppingimges\\61532087016847.jpg'),(32,1,18,2,'美特斯邦威男百搭字母印','D:\\Users\\zxkj\\Pictures\\shoppingimges\\11532084983458.jpg'),(33,12,22,1,'跟斗小猪风衣','D:\\Users\\zxkj\\Pictures\\shoppingimges\\111532085328136.jpg'),(34,102,22,1,'乐视无限薯片','D:\\Users\\zxkj\\Pictures\\shoppingimges\\11532088309465.jpg'),(35,91,22,1,'戴尔成就3668台式机','D:\\Users\\zxkj\\Pictures\\shoppingimges\\51532087950183.jpg'),(36,76,23,1,'海信LED55EC550U','D:\\Users\\zxkj\\Pictures\\shoppingimges\\21532087433589.jpg'),(37,62,24,1,'华为P20','D:\\Users\\zxkj\\Pictures\\shoppingimges\\11532086880237.jpg'),(38,133,25,1,'凤凰山地车','D:\\Users\\zxkj\\Pictures\\shoppingimges\\31532089590258.jpg'),(39,11,25,1,'冬季加厚毛呢风衣','D:\\Users\\zxkj\\Pictures\\shoppingimges\\10-11532085295318.jpg'),(40,87,25,1,'荣耀14寸笔记本电脑','D:\\Users\\zxkj\\Pictures\\shoppingimges\\11532087787228.jpg'),(41,88,26,1,'惠普暗夜精灵4','D:\\Users\\zxkj\\Pictures\\shoppingimges\\21532087860863.jpg'),(42,132,27,1,'战神730山地自行车','D:\\Users\\zxkj\\Pictures\\shoppingimges\\21532089569025.jpg'),(43,88,28,3,'惠普暗夜精灵4','D:\\Users\\zxkj\\Pictures\\shoppingimges\\21532087860863.jpg'),(45,132,30,1,'战神730山地自行车','D:\\Users\\zxkj\\Pictures\\shoppingimges\\21532089569025.jpg'),(46,117,31,1,'柠檬茶','D:\\Users\\zxkj\\Pictures\\shoppingimges\\11532088674892.jpg'),(52,1,34,1,'美特斯邦威男百搭字母印','D:\\Users\\zxkj\\Pictures\\shoppingimges\\11532084983458.jpg'),(53,76,34,1,'海信LED55EC550U','D:\\Users\\zxkj\\Pictures\\shoppingimges\\21532087433589.jpg'),(57,77,36,1,'小米电视4C','D:\\Users\\zxkj\\Pictures\\shoppingimges\\31532087457925.jpg'),(58,102,36,1,'乐视无限薯片','D:\\Users\\zxkj\\Pictures\\shoppingimges\\11532088309465.jpg'),(59,150,37,1,'雅诗兰黛护肤化妆品','D:\\Users\\zxkj\\Pictures\\shoppingimges\\51532090078724.jpg'),(60,137,38,1,'超越山地自行车','D:\\Users\\zxkj\\Pictures\\shoppingimges\\71532089688263.jpg'),(61,76,39,1,'海信LED55EC550U','D:\\Users\\zxkj\\Pictures\\shoppingimges\\21532087433589.jpg'),(62,76,39,1,'海信LED55EC550U','D:\\Users\\zxkj\\Pictures\\shoppingimges\\21532087433589.jpg'),(76,22,52,1,'男牛仔九分裤','D:\\Users\\zxkj\\Pictures\\shoppingimges\\11532085661987.jpg'),(77,42,52,1,'网面跑步鞋','D:\\Users\\zxkj\\Pictures\\shoppingimges\\11532086391759.jpg'),(78,87,53,1,'荣耀14寸笔记本电脑','D:\\Users\\zxkj\\Pictures\\shoppingimges\\11532087787228.jpg'),(79,102,53,5,'乐视无限薯片','D:\\Users\\zxkj\\Pictures\\shoppingimges\\11532088309465.jpg'),(80,89,53,3,'华硕MJ248QR24','D:\\Users\\zxkj\\Pictures\\shoppingimges\\31532087898232.jpg'),(81,117,53,5,'柠檬茶','D:\\Users\\zxkj\\Pictures\\shoppingimges\\11532088674892.jpg'),(82,22,61,1,'男牛仔九分裤','D:\\Users\\zxkj\\Pictures\\shoppingimges\\11532085661987.jpg'),(83,22,61,2,'男牛仔九分裤','D:\\Users\\zxkj\\Pictures\\shoppingimges\\11532085661987.jpg'),(84,62,61,4,'华为P20','D:\\Users\\zxkj\\Pictures\\shoppingimges\\11532086880237.jpg'),(85,75,62,1,'TCL75A950U','D:\\Users\\zxkj\\Pictures\\shoppingimges\\11532087399273.jpg'),(86,118,62,3,'水蜜桃汁','D:\\Users\\zxkj\\Pictures\\shoppingimges\\21532088696796.jpg'),(87,63,63,1,'一加手机全面屏','D:\\Users\\zxkj\\Pictures\\shoppingimges\\21532086903231.jpg'),(88,132,64,1,'战神730山地自行车','D:\\Users\\zxkj\\Pictures\\shoppingimges\\21532089569025.jpg'),(89,42,65,1,'网面跑步鞋','D:\\Users\\zxkj\\Pictures\\shoppingimges\\11532086391759.jpg'),(90,87,66,1,'荣耀14寸笔记本电脑','D:\\Users\\zxkj\\Pictures\\shoppingimges\\11532087787228.jpg'),(91,117,67,1,'柠檬茶','D:\\Users\\zxkj\\Pictures\\shoppingimges\\11532088674892.jpg'),(92,43,68,1,'网面透气风火鞋','D:\\Users\\zxkj\\Pictures\\shoppingimges\\21532086409666.jpg'),(93,22,69,1,'男牛仔九分裤','D:\\Users\\zxkj\\Pictures\\shoppingimges\\11532085661987.jpg'),(94,87,70,5,'荣耀14寸笔记本电脑','D:\\Users\\zxkj\\Pictures\\shoppingimges\\11532087787228.jpg'),(95,1,71,1,'美特斯邦威男百搭字母印','D:\\Users\\zxkj\\Pictures\\shoppingimges\\11532084983458.jpg'),(96,87,71,1,'荣耀14寸笔记本电脑','D:\\Users\\zxkj\\Pictures\\shoppingimges\\11532087787228.jpg'),(97,18,71,1,'风衣男装春秋季中长款','D:\\Users\\zxkj\\Pictures\\shoppingimges\\171532085518211.jpg'),(98,97,74,5,'联想拯救者Y7000','D:\\Users\\zxkj\\Pictures\\shoppingimges\\111532088131106.jpg'),(99,75,75,1,'TCL75A950U','D:\\Users\\zxkj\\Pictures\\shoppingimges\\11532087399273.jpg'),(100,102,76,1,'乐视无限薯片','D:\\Users\\zxkj\\Pictures\\shoppingimges\\11532088309465.jpg'),(101,103,77,1,'串烧味拉面丸子','D:\\Users\\zxkj\\Pictures\\shoppingimges\\21532088333580.jpg'),(102,10,78,1,'北极绒风衣','D:\\Users\\zxkj\\Pictures\\shoppingimges\\9-11532085268556.jpg'),(103,62,79,1,'华为P20','D:\\Users\\zxkj\\Pictures\\shoppingimges\\11532086880237.jpg'),(104,88,80,1,'惠普暗夜精灵4','D:\\Users\\zxkj\\Pictures\\shoppingimges\\21532087860863.jpg'),(105,102,81,3,'乐视无限薯片','D:\\Users\\zxkj\\Pictures\\shoppingimges\\11532088309465.jpg'),(106,133,81,1,'凤凰山地车','D:\\Users\\zxkj\\Pictures\\shoppingimges\\31532089590258.jpg'),(107,64,81,2,'华为荣耀10','D:\\Users\\zxkj\\Pictures\\shoppingimges\\31532086932748.jpg'),(108,2,82,3,'森马短袖T恤','D:\\Users\\zxkj\\Pictures\\shoppingimges\\21532085016399.jpg'),(109,88,82,1,'惠普暗夜精灵4','D:\\Users\\zxkj\\Pictures\\shoppingimges\\21532087860863.jpg'),(110,118,82,2,'水蜜桃汁','D:\\Users\\zxkj\\Pictures\\shoppingimges\\21532088696796.jpg'),(111,134,82,1,'福美瑞山地自行车','D:\\Users\\zxkj\\Pictures\\shoppingimges\\41532089618273.jpg'),(112,63,83,1,'一加手机全面屏','D:\\Users\\zxkj\\Pictures\\shoppingimges\\21532086903231.jpg');

/*Table structure for table `goods` */

DROP TABLE IF EXISTS `goods`;

CREATE TABLE `goods` (
  `gid` int(11) NOT NULL AUTO_INCREMENT,
  `gname` varchar(40) DEFAULT NULL,
  `gpicture` varchar(100) DEFAULT NULL,
  `gkinds` varchar(20) DEFAULT NULL,
  `gnumber` int(11) DEFAULT NULL,
  `gmoney` double DEFAULT NULL,
  `descript` varchar(1000) DEFAULT NULL,
  PRIMARY KEY (`gid`)
) ENGINE=InnoDB AUTO_INCREMENT=176 DEFAULT CHARSET=utf8;

/*Data for the table `goods` */

insert  into `goods`(`gid`,`gname`,`gpicture`,`gkinds`,`gnumber`,`gmoney`,`descript`) values (1,'美特斯邦威男百搭字母印','D:\\Users\\zxkj\\Pictures\\shoppingimges\\11532084983458.jpg','上衣',200,80,'品牌：美特斯邦威（MetersBonwe）商品名称：T恤男2018夏装新款风景叠印字母印花个性百搭短袖T恤Y亮白170/92A商品编号：25690964782店铺：美邦正品折扣店商品毛重：500.00g货号：661255版型：标准型主要材质：棉领型：圆领适用场景：休闲袖长：短袖图案：字母厚度：常规风格：青春休闲基础风格：青春流行分类：短袖T恤适用人群：青少年上市时间：2018夏季'),(2,'森马短袖T恤','D:\\Users\\zxkj\\Pictures\\shoppingimges\\21532085016399.jpg','上衣',97,69.9,'品牌：森马（Semir）商品名称：森马短袖T恤商品编号：4122355商品毛重：100.00g商品产地：浙江省货号：19037001211尺码：L版型：标准型主要材质：棉领型：圆领流行元素：其它适用场景：休闲颜色：黑色袖长：短袖图案：字母风格：青春休闲工艺：其它适用季节：夏季分类：短袖T恤适用人群：青少年上市时间：2017夏季'),(5,'卡宾短袖T恤休闲版','D:\\Users\\zxkj\\Pictures\\shoppingimges\\51532085143143.jpg','上衣',200,159,'品牌：卡宾（CABBEEN）商品名称：卡宾短袖t恤男修身2017夏季新款纯棉圆领潮夜店青少年运动休闲体恤衫315213211152/180/XL商品编号：12194260883店铺：卡宾西北马专卖店商品毛重：400.00g商品产地：中国大陆货号：3152132111尺码：L版型：标准型主要材质：棉领型：圆领流行元素：简约，图腾适用场景：休闲颜色：其它袖长：短袖图案：花卉风格：原创设计工艺：印花适用季节：夏季分类：短袖T恤适用人群：青少年上市时间：2017夏季'),(6,'卡宾短袖T恤','D:\\Users\\zxkj\\Pictures\\shoppingimges\\41532085093854.jpg','上衣',100,59,'品牌：卡宾（CABBEEN）商品名称：卡宾Cabbeen短袖T恤男休闲个性潮牌时尚2018新纯棉圆领体恤衫317213201552/180/XL商品编号：11980351749店铺：卡宾西北马专卖店商品毛重：400.00g商品产地：中国大陆货号：3172132015尺码：L适用场景：旅游版型：标准型主要材质：棉领型：圆领流行元素：图腾，渐变图案：人物颜色：黑色袖长：短袖基础风格：青春流行风格：原创设计分类：短袖T恤适用季节：夏季工艺：水洗适用人群：青少年上市时间：2017夏季'),(7,'甘特棉质长袖印花衬衫','D:\\Users\\zxkj\\Pictures\\shoppingimges\\61532085181007.jpg','上衣',200,537,'品牌：GANT商品名称：GANT/甘特男士经典棉质印花长袖衬衫331202蓝色S商品编号：11957485723店铺：GANT服饰旗舰店商品毛重：200.00g货号：17S331202尺码：M版型：宽松型主要材质：棉领型：扣领尖领面料：其它袖长：长袖适用场景：休闲图案：纯色风格：欧美简约基础风格：时尚都市颜色：白色适用人群：青年上市时间：2017春季'),(8,'潮牌迷彩印花长袖衬衫','D:\\Users\\zxkj\\Pictures\\shoppingimges\\71532085210954.jpg','上衣',3000,319,'品牌：NPCNCS商品名称：NPCNCS潮牌ASSC迷彩印花长袖衬衫翻领圆弧下摆男女同款情侣款长袖衬衫衬衣潮衬衫绿色M商品编号：25203631824店铺：恩琵熙服饰专营店商品毛重：1.0kg货号：289颜色：绿色适用场景：休闲版型：标准型主要材质：其他基础风格：其它风格：欧美简约适用人群：青年上市时间：2018春季'),(9,'海澜之家连帽风衣','D:\\Users\\zxkj\\Pictures\\shoppingimges\\8-11532085232717.jpg','上衣',500,498,'品牌：海澜之家（HLA）商品名称：HLA海澜之家舒适中长款休闲连帽风衣2018春季新品时尚活力风衣男HWFAD1E005A中灰06185/100A/XXL商品编号：26144796323店铺：海澜之家官方旗舰店商品毛重：1.0kg货号：HWFAD1E005A尺码：XS，S，M，L，XL衣长：长款厚度：常规领型：其它颜色：黑色适用场景：休闲衣门襟：前中拉链门襟口袋设计：明缉线挖袋版型：标准型基础风格：时尚都市主要材质：锦纶适用人群：青年上市时间：2018春季'),(10,'北极绒风衣','D:\\Users\\zxkj\\Pictures\\shoppingimges\\9-11532085268556.jpg','上衣',500,119,'品牌：北极绒（Bejirog）商品名称：北极绒风衣男中长款披风衣2018春夏季新款夹克外套韩版潮流男士风衣J22309灰色XL商品编号：12738054716店铺：北极绒男装官方旗舰店商品毛重：500.00g货号：JZL-F01尺码：M版型：修身型厚度：薄款领型：翻领流行元素：简约颜色：白色适用场景：休闲衣门襟：前中拉链门襟主要材质：涤纶风格：青春休闲基础风格：青春流行衣长：中长款适用人群：青年上市时间：2017夏季'),(11,'冬季加厚毛呢风衣','D:\\Users\\zxkj\\Pictures\\shoppingimges\\10-11532085295318.jpg','上衣',199,199,'品牌：安雯希商品名称：冬季加厚毛呢风衣男韩版帅气青年修身呢子大衣2017新品中长款男士外套灰色(加绒)XXL商品编号：29477391548店铺：安雯希服饰旗舰店商品毛重：400.00g货号：1282704衣门襟：单排扣版型：修身型主要材质：其它基础风格：商务绅士衣长：中长款适用人群：青年上市时间：2018夏季'),(12,'跟斗小猪风衣','D:\\Users\\zxkj\\Pictures\\shoppingimges\\111532085328136.jpg','上衣',498,128,'品牌：跟斗小猪（GENDOUXIAOZHU）商品名称：跟斗小猪风衣男中长款防晒男神风衣2018夏季新款宽松薄款韩版情侣男装衣服外套潮牌a085-F09白色XL商品编号：29158986562店铺：欧致服饰专营店商品毛重：0.6kg商品产地：中国大陆货号：a085-F09尺码：M，L，XL，XXL适用场景：日常下摆设计：其它厚度：常规领型：方领流行元素：简约版型：修身型颜色：黑色风格：青春休闲衣门襟：无扣口袋设计：其它主要材质：棉基础风格：青春流行衣长：长款适用人群：青年上市时间：2018夏季'),(13,'宽松大码中国风棉衣','D:\\Users\\zxkj\\Pictures\\shoppingimges\\11-21532085359435.jpg','上衣',200,168,'品牌：乔诺斯（JOESRAW）商品名称：乔诺斯18夏季新款百搭宽松大码中国风棉麻衬衫男大袖口花色外套防晒服褂子男民族风中长款拼色开衫风衣男凤凰花M商品编号：29849801240店铺：泰拉米尔服饰专营店商品毛重：0.68kg货号：FY02衣长：中长款主要材质：麻流行元素：拼接衣门襟：无扣适用场景：上班，旅游，沙滩，休闲，日常基础风格：青春流行版型：宽松型适用人群：青年上市时间：2018夏季'),(14,'防晒衣男女透气','D:\\Users\\zxkj\\Pictures\\shoppingimges\\131532085386161.jpg','上衣',96,99,'品牌：AWOL商品名称：AWOL防晒衣男女薄透气夏季新品中长款风衣外套防晒衣情侣装皮肤衣户外防紫外线白色L商品编号：29707371196店铺：AWOL旗舰店商品毛重：1.0kg货号：AW182-XZ1116-1FY801-35尺码：S，M，L，XL衣长：中长款厚度：薄款颜色：黄色衣门襟：无扣版型：宽松型基础风格：青春流行主要材质：其它适用人群：青年上市时间：2018夏季'),(15,'良布风衣','D:\\Users\\zxkj\\Pictures\\shoppingimges\\141532085422470.jpg','上衣',200,59,'品牌：良布商品名称：良布夏季防晒衣男新款连帽情侣款户外印花皮肤衣防晒衣连帽薄款风衣男白色L商品编号：26617785351店铺：勤恒服饰专营店商品毛重：300.00g商品产地：中国大陆货号：R410-F09风格：青春休闲厚度：薄领型：连帽颜色：红色，蓝色，白色，灰色，黄色口袋设计：其它适用季节：夏季适用场景：其它　尺码：M，L，XL，XXL，XXXL下摆设计：橡筋主要材质：涤纶流行元素：拼色图案：纯色面料：其它　版型：修身型衣门襟：前中拉链门襟衣长：短款袖型：收口袖基础风格：青春流行工艺：印花适用人群：青少年上市时间：2018春季'),(16,'哥凡图防晒衣','D:\\Users\\zxkj\\Pictures\\shoppingimges\\151532085454524.jpg','上衣',500,88,'品牌：哥凡图（GENFAGTU）商品名称：哥凡图防晒衣男2018夏季新款皮肤衣薄款透气大码防晒服男韩版运动户外风衣速干外套情侣693F12灰色XL商品编号：27677180009店铺：骏歌服饰专营店商品毛重：500.00g货号：693风格：青春休闲厚度：薄领型：连帽颜色：多色口袋设计：侧缝插袋适用季节：夏季适用场景：日常尺码：M，L，XL，XXL，XXXL下摆设计：其它　主要材质：其它流行元素：简约图案：其它面料：其它　版型：修身型衣门襟：前中拉链门襟衣长：常规袖型：收口袖基础风格：青春流行工艺：其它适用人群：青年上市时间：2018夏季'),(17,'风衣男中长款','D:\\Users\\zxkj\\Pictures\\shoppingimges\\10-21532085488926.jpg','上衣',200,168,'品牌：闪爆（SHANBAO）商品名称：【拍下168】2018新款中国风棉麻衬衫男中长款拼色风衣男白色M商品编号：27878135398店铺：邻时尚服饰专营店商品毛重：0.6kg商品产地：中国大陆货号：A036-FY01尺码：M，L，XL，XXL，XXXL适用场景：其它　下摆设计：其它厚度：常规领型：其它流行元素：简约版型：宽松型颜色：黑色风格：青春休闲衣门襟：无扣口袋设计：侧缝插袋主要材质：麻基础风格：青春流行衣长：长款适用人群：青少年上市时间：2018夏季'),(18,'风衣男装春秋季中长款','D:\\Users\\zxkj\\Pictures\\shoppingimges\\171532085518211.jpg','上衣',300,228,'品牌：海霸狼（HAIBALANG）商品名称：风衣男装春秋季新款休闲修身英伦中长款连帽脱卸男神薄款夹克男外套大衣男311款黑色XL商品编号：12195119523店铺：协众服饰专营店商品毛重：1.0kg尺码：M，L，XL，XXL，XXXL，加大，均码适用场景：休闲下摆设计：直下摆厚度：薄款领型：可脱卸帽流行元素：简约，拉链装饰，多口袋版型：标准型颜色：黑色风格：青春休闲衣门襟：前中拉链门襟口袋设计：侧缝插袋主要材质：棉基础风格：青春流行衣长：中长款适用人群：青年上市时间：2018春季'),(19,'丹杰仕男式风衣','D:\\Users\\zxkj\\Pictures\\shoppingimges\\181532085565073.jpg','上衣',191,69,'品牌：丹杰仕（DANJIESHI）商品名称：丹杰仕2018春夏季韩版男士风衣韩版修身薄款中长款男装青少年非主流个性斗篷披风开衫外套潮黑色L商品编号：10240869550店铺：戊踏服饰专营店商品毛重：300.00g商品产地：中国大陆货号：12尺码：L版型：修身型厚度：常规领型：翻领流行元素：简约颜色：黑色衣门襟：系带适用场景：休闲衣长：长款主要材质：棉适用人群：青少年上市时间：2016春季'),(20,'骑士普丁修身衣服','D:\\Users\\zxkj\\Pictures\\shoppingimges\\191532085602320.jpg','上衣',100,78,'品牌：骑士普丁（Putin·Rider）商品名称：骑士普丁2018秋季新款男士针织韩版修身中长款男神风衣男青年潮流夹克外套男装M197黑色XL商品编号：10230741634店铺：崇恩男装专营店商品毛重：0.58kg货号：M197尺码：L版型：修身型厚度：常规领型：连帽流行元素：简约颜色：灰色适用场景：其它　衣门襟：单排扣主要材质：其它风格：青春休闲基础风格：青春流行衣长：中长款适用人群：青年上市时间：2016春季'),(21,'丹杰士男士外套','D:\\Users\\zxkj\\Pictures\\shoppingimges\\201532085621687.jpg','上衣',300,288,'品牌：丹杰仕（DANJIESHI）商品名称：丹杰仕男士外套春秋装潮牌暗黑斗篷加长款外套嘻哈长款过膝风衣男大衣情侣连帽披风黑色XL商品编号：15191988308店铺：丹杰仕尚貂专卖店商品毛重：500.00g商品产地：中国大陆货号：856-IA345-尺码：M，L，XL适用场景：其它　下摆设计：其它厚度：常规领型：其它流行元素：简约版型：宽松型颜色：黑色风格：青春休闲衣门襟：无扣口袋设计：其它主要材质：棉基础风格：青春流行衣长：长款适用人群：青年上市时间：2017秋季'),(22,'男牛仔九分裤','D:\\Users\\zxkj\\Pictures\\shoppingimges\\11532085661987.jpg','裤子',200,139,'品牌：北极绒（Bejirog）商品名称：北极绒牛仔裤男九分裤修身韩版弹力春夏破洞小脚裤新款夏季薄款直筒学生哈伦裤乞丐裤801蓝色破洞九分裤29码商品编号：25719524161店铺：俊皓服饰专营店商品毛重：400.00g裤型：修身裤风格：青春休闲厚度：普通颜色：蓝色，黑色，灰色牛仔面料：常规牛仔布适用季节'),(23,'牛仔裤男九分裤','D:\\Users\\zxkj\\Pictures\\shoppingimges\\21532085681338.jpg','裤子',99,99,'品牌：BELLSOMAN商品名称：BSM2018春夏新款破洞牛仔裤男韩版黑色青年修身弹力小脚9分裤蓝色27商品编号：30195413912店铺：BELLSOMAN旗舰店商品毛重：500.00g货号：BSM183-XZ509K201尺码：其它适用场景：休闲弹力：微弹主要材质：棉裤型：修身裤流行元素：其它裤门襟：拉链颜色：蓝色，黑色，灰色厚度：薄款牛仔面料：棉弹牛仔布裤长：九分裤腰型：中腰适用季节：夏季工艺：水洗适用人群：青少年上市时间：2018夏季'),(24,'牛仔裤男长裤','D:\\Users\\zxkj\\Pictures\\shoppingimges\\31532085700311.jpg','裤子',98,109.9,'牌：古莱登（GODLIKE）商品名称：古莱登男装牛仔裤男2018夏新款青年学生韩版修身破洞小脚九分裤男士薄款裤子深灰861832=腰围2尺5商品编号：26169492127店铺：凝萱男装专营店商品毛重：500.00g货号：古莱登系列裤型：修身裤风格：青春休闲厚度：普通颜色：蓝色，黑色牛仔面料：常规牛仔布适用季节：四季弹力：微弹适用场景：上班，旅游，居家，雨天，运动，宴会，沙滩，舞蹈，休闲，校园，商务，日常，其它尺码：28(2尺1)，29（2尺2），30（2尺3），31（2尺4），32（2尺5），33（2尺6)，34（2尺7)，36（2尺8)主要材质：棉流行元素：简约，编织，拉链装饰，复古，其它裤门襟：拉链裤长：长裤图案：纯色腰型：中低腰工艺：做旧适用人群：青年上市时间：2018秋季'),(25,'男装牛仔裤','D:\\Users\\zxkj\\Pictures\\shoppingimges\\41532085716996.jpg','裤子',500,129,'品牌：BILLION商品名称：BILLION薄款牛仔裤男装夏季系带合体长裤D/B16123浅蓝色31商品编号：11687300228店铺：BILLION牛仔旗舰店商品毛重：400.00g货号：DB16123裤型：直筒裤风格：原创设计厚度：薄款颜色：蓝色图案：纯色弹力：无弹适用场景：休闲尺码：38（2尺9)，29（2尺2），30（2尺3），31（2尺4），32（2尺5），33（2尺6)，34（2尺7)，36（2尺8)主要材质：棉流行元素：简约裤门襟：拉链裤长：长裤腰型：中腰适用季节：夏季工艺：水洗适用人群：青年上市时间：2017春季'),(26,'男装弹力裤','D:\\Users\\zxkj\\Pictures\\shoppingimges\\51532085739028.jpg','裤子',100,149,'品牌：AEMAPE商品名称：AEMAPE休闲裤商品编号：8154056商品毛重：300.00g商品产地：中国福建货号：DDK701&702裤型：修身裤风格：时尚休闲厚度：薄款颜色：黑色，灰色图案：纯色弹力：微弹适用场景：休闲，日常，其它　尺码：M码，L码，XL码，XXL码，XXXL，加肥码，其它主要材质：涤纶流行元素：简约，车缝线裤门襟：其他裤长：长裤腰型：中腰适用季节：夏季工艺：免烫处理适用人群：青年上市时间：2018夏季'),(27,'休闲裤夏季新款','D:\\Users\\zxkj\\Pictures\\shoppingimges\\61532085763987.jpg','裤子',100,238,'品牌：吉禾伊嘉商品名称：吉禾伊嘉休闲裤男2018夏季新款韩版男裤男士修身免烫九分哈伦裤工装小脚裤子男装藏青色L(建议腰围2尺3-2尺4)商品编号：26550854598店铺：吉禾伊嘉懿彬专卖店商品毛重：400.00g商品产地：中国大陆货号：ck08裤型：哈伦裤风格：商务休闲厚度：常规颜色：黑色图案：纯色弹力：微弹适用场景：休闲尺码：L码主要材质：锦纶流行元素：简约裤门襟：拉链裤长：长裤腰型：中腰适用季节：春季工艺：免烫处理适用人群：青年上市时间：2018春季'),(28,'休闲裤男薄款','D:\\Users\\zxkj\\Pictures\\shoppingimges\\71532085793744.jpg','裤子',100,158,'品牌：奢米图（SHEMITU）商品名称：休闲裤男夏季九分裤棉亚麻薄款宽松小脚裤时尚纯色百搭运动大码哈伦裤男9分短裤子浅灰+卡其XL商品编号：28250758915店铺：奢米图服饰旗舰店商品毛重：400.00g裤型：修身裤风格：时尚休闲厚度：薄款颜色：黑色，灰色，蓝色，卡其色图案：纯色弹力：微弹适用场景：校园，上班，旅游，居家，运动，休闲，日常，其它　尺码：28(2尺1)，29（2尺2），30（2尺3），31（2尺4），32（2尺5），33（2尺6)，34（2尺7)，36（2尺8)，38（2尺9)，40（3尺)，M码，L码，XL码，XXL码，XXXL主要材质：棉流行元素：简约裤门襟：其他裤长：长裤腰型：中腰适用季节：夏季工艺：免烫处理适用人群：青年上市时间：2018夏季'),(29,'迷彩休闲裤男','D:\\Users\\zxkj\\Pictures\\shoppingimges\\81532085812093.jpg','裤子',200,158,'品牌：卡爵克（Cajacky）商品名称：卡爵克九分休闲裤男2018青少年新款束脚裤修身韩版时尚迷彩小脚运动裤男收口卫裤男生长裤K9025深灰色XL商品编号：28555479446店铺：卡爵克服饰官方旗舰店商品毛重：150.00g商品产地：中国大陆货号：TC-K9025腰型：中腰厚度：常规适用场景：休闲，日常，其它　裤门襟：其他图案：迷彩弹力：微弹裤型：修身裤裤长：九分裤主要材质：棉适用季节：四季工艺：水洗适用人群：青年上市时间：2018夏季'),(30,'沐秋夏季薄款运动裤','D:\\Users\\zxkj\\Pictures\\shoppingimges\\91532086129255.jpg','裤子',100,138,'品牌：沐秋（MUQIU）商品名称：沐秋夏季薄款小脚运动裤男宽松裤子休闲卫裤男大码束脚裤速干裤灰色L（140斤-160斤）商品编号：27329398845店铺：沐秋磨针专卖店商品毛重：300.00g商品产地：中国大陆货号：16001腰型：中腰风格：青春休闲厚度：薄款流行元素：褶皱裤门襟：其它适用场景：上班，休闲，校园，日常弹力：微弹基础风格：青春流行裤长：九分裤主要材质：棉适用季节：夏季裤型：宽松裤适用人群：青年上市时间：2018春季'),(31,'时尚印花裤','D:\\Users\\zxkj\\Pictures\\shoppingimges\\101532086154277.jpg','裤子',100,129.9,'品牌：楠笙记商品名称：楠笙记哈伦裤男夏季潮流字母印花九分裤男学生宽松休闲裤ins同款潮牌街舞嘻哈裤束脚裤子男生松紧阔腿裤白色M商品编号：29928942579店铺：默格服饰专营店商品毛重：200.00g货号：313A-1-K09裤型：哈伦裤风格：日韩风格厚度：薄款颜色：黑色，白色图案：字母弹力：微弹适用场景：校园，旅游，运动，沙滩，休闲，日常，其它　尺码：S码，M码，L码，XL码，XXL码，XXXL，加肥码主要材质：其它流行元素：拼接，拼色裤门襟：其他裤长：九分裤腰型：中腰适用季节：夏季工艺：其他适用人群：青年上市时间：2018夏季'),(32,'日系男士宽松九分裤','D:\\Users\\zxkj\\Pictures\\shoppingimges\\111532086174279.jpg','裤子',100,119,'品牌：Eevee商品名称：日系裤子运动裤男士宽松系带九分裤男卡其色L商品编号：29577625081店铺：Eevee官方旗舰店商品毛重：300.00g商品产地：中国大陆货号：Y13-6002尺码：M，L，XL，XXL适用场景：休闲，旅游，运动，沙滩，校园风格：清新日系主要材质：棉弹力：微弹流行元素：多口袋裤门襟：其它颜色：绿色基础风格：其它裤型：宽松裤裤长：九分裤厚度：常规适用季节：四季腰型：中低腰适用人群：青少年上市时间：2018夏季'),(33,'韩版潮流运动裤男','D:\\Users\\zxkj\\Pictures\\shoppingimges\\121532086193036.jpg','裤子',200,98,'品牌：蒲优蔓商品名称：蒲优蔓休闲裤男2018夏季新款韩版松紧腰宽松裤子男大码男士束脚哈伦小脚裤九分运动裤子男潮流黑色L商品编号：25388373061店铺：蒲优蔓服装旗舰店商品毛重：300.00g商品产地：中国大陆货号：D-A061-K197-50裤型：宽松裤风格：时尚休闲厚度：薄款颜色：黑色，灰色图案：纯色弹力：微弹适用场景：校园，上班，旅游，居家，雨天，运动，沙滩，舞蹈，休闲，其它　，日常尺码：M码，L码，XL码，XXL码，XXXL，加肥码，其它主要材质：其它流行元素：简约，拼接，拼色裤门襟：其他裤长：九分裤腰型：中腰适用季节：四季工艺：免烫处理适用人群：青年上市时间：2018春季'),(34,'男装潮流裤','D:\\Users\\zxkj\\Pictures\\shoppingimges\\131532086210967.jpg','裤子',100,129,'品牌：南极人（Nanjiren）商品名称：南极人短裤男修身男士短裤夏季薄款时尚沙滩裤透气运动裤子男裤七分裤卡其色XL商品编号：28264814624店铺：南极人蓦兰专卖店商品毛重：400.00g商品产地：中国大陆货号：K89TP35腰型：中腰风格：青春休闲主要材质：涤纶颜色：多色裤长：七分裤适用场景：旅游，沙滩，休闲裤型：宽松裤适用人群：青年弹力：微弹上市时间：2017夏季'),(35,'休闲裤男','D:\\Users\\zxkj\\Pictures\\shoppingimges\\141532086227500.jpg','裤子',200,129.9,'品牌：彪马（PUMA）商品名称：PUMA彪马官方男子复古Logo休闲短裤573809黑色01XL商品编号：11698403766店铺：PUMA官方旗舰店商品毛重：500.00g货号：573809尺码：S，M，L，XL，XXL款式：短裤裤门襟：系带面料材质：棉适用季节：夏季适用人群：男士上市时间：2018夏季'),(36,'小脚裤男','D:\\Users\\zxkj\\Pictures\\shoppingimges\\151532086244066.jpg','裤子',100,99,'品牌：南极人（Nanjiren）商品名称：南极人休闲裤男时尚休闲九分裤男士小脚裤仿麻修身韩版束脚哈伦裤卫裤男黑色XL商品编号：29035690533店铺：南极人沃赢专卖店商品毛重：500.00g商品产地：中国大陆货号：南极人1413-K04-P40裤型：直筒裤风格：时尚休闲厚度：常规颜色：黑色，灰色，绿色，蓝色图案：纯色弹力：微弹适用场景：校园，上班，旅游，居家，雨天，运动，宴会，沙滩，婚礼，舞蹈，休闲，商务，日常，其它　尺码：XXXL主要材质：锦纶流行元素：简约，钩花，多口袋裤门襟：其他裤长：九分裤腰型：中腰适用季节：夏季工艺：免烫处理适用人群：青少年上市时间：2018夏季'),(37,'男装弹力裤','D:\\Users\\zxkj\\Pictures\\shoppingimges\\161532086261832.jpg','裤子',200,149,'品牌：南极人（NanJiren）商品名称：南极人休闲裤男弹力修身直筒男裤2018夏季新品男士商务直筒长裤子夏季款黑色32码/二尺五商品编号：27810075847店铺：南极人服装服饰旗舰店商品毛重：0.6kg货号：8185NJR腰型：高腰风格：商务休闲厚度：薄款流行元素：简约适用场景：上班，旅游，居家，雨天，运动，宴会，沙滩，婚礼，舞蹈，休闲，商务，日常，其它　主要材质：锦纶裤长：长裤弹力：超高弹力图案：纯色裤型：直筒裤适用人群：中年上市时间：2018夏季'),(38,'日系工装裤男','D:\\Users\\zxkj\\Pictures\\shoppingimges\\171532086286777.jpg','裤子',120,129,'品牌：简徒（JANTOUR）商品名称：JANTOUR原创日系工装裤男薄款收口裤子松紧系带束脚裤日系休闲哈伦小脚长裤军绿色XL商品编号：27388492462店铺：韬勇服装专营店商品毛重：500.00g货号：ML892裤型：哈伦裤风格：日韩风格厚度：薄款颜色：黑色，绿色，卡其色图案：纯色弹力：微弹适用场景：校园，旅游，居家，运动，休闲，日常，其它　尺码：M码，L码，XL码，XXL码，XXXL主要材质：棉流行元素：简约裤门襟：其他裤长：长裤腰型：中腰适用季节：夏季工艺：水洗适用人群：青年上市时间：2018夏季'),(39,'米夏什短裤男','D:\\Users\\zxkj\\Pictures\\shoppingimges\\181532086310407.jpg','裤子',200,128,'品牌：米夏什商品名称：米夏什短裤男ins同款男生加肥加大码休闲裤韩版潮港风宽松五分裤薄款裤子胖子日系潮男运动短裤工装五分裤孔雀蓝M商品编号：29735577864店铺：米夏什旗舰店商品毛重：1.0kg货号：A048-K244裤型：宽松裤风格：时尚休闲厚度：常规颜色：黑色图案：拼接弹力：微弹适用场景：校园，休闲，日常尺码：XXXL主要材质：棉流行元素：拼接，多口袋裤门襟：其他裤长：五分裤腰型：中腰适用季节：夏季工艺：免烫处理适用人群：青少年上市时间：2018夏季'),(40,'班尼路军旅休闲裤','D:\\Users\\zxkj\\Pictures\\shoppingimges\\191532086329888.jpg','裤子',160,169.9,'品牌：班尼路（Baleno）商品名称：Baleno/班尼路军绿多口袋宽松休闲裤裤子男束脚工装裤男长裤男A01黑色L商品编号：13979017593店铺：班尼路官方旗舰店商品毛重：500.00g商品产地：中国大陆货号：88742013腰型：中腰风格：时尚休闲厚度：常规流行元素：多口袋裤型：直筒裤裤长：长裤弹力：微弹图案：纯色主要材质：棉适用人群：青年上市时间：2017秋季'),(41,'承毅休闲九分裤','D:\\Users\\zxkj\\Pictures\\shoppingimges\\201532086363235.jpg','裤子',100,129,'品牌：承翼商品名称：承翼2018新品夏季休闲裤男韩版潮流九分裤多口袋直筒宽松裤子男ins工装裤男士哈伦裤卡其色M商品编号：29191638107店铺：才夫服饰专营店商品毛重：0.6kg货号：QT5027-T98尺码：M码，L码，XL码，XXL码，XXXL风格：青春休闲厚度：常规适用场景：校园，上班，旅游，居家，雨天，运动，宴会，沙滩，休闲，日常，其它　流行元素：简约图案：纯色弹力：无弹腰型：中腰主要材质：棉裤长：长裤裤型：哈伦裤适用季节：四季工艺：免烫处理适用人群：青年上市时间：2018夏季'),(42,'网面跑步鞋','D:\\Users\\zxkj\\Pictures\\shoppingimges\\11532086391759.jpg','鞋子',199,139,'品牌：双星（DOUBLESTAR）商品名称：双星M9055商品编号：5040218商品毛重：500.00g商品产地：中国大陆货号：M9055尺码：39，40，41，42，43，44帮面材质：织物选购热点：气垫，经典款闭合方式：系带适合路面：跑道，公路，小道鞋底材质：PU上市时间：2017年夏季功能：缓冲，避震，透气，轻质适用人群：情侣适用场景：休闲，运动，竞赛，户外'),(43,'网面透气风火鞋','D:\\Users\\zxkj\\Pictures\\shoppingimges\\21532086409666.jpg','鞋子',200,159,'品牌：特步（XTEP）商品名称：特步男鞋运动鞋男休闲跑步鞋2018夏季户外网面透气风火鞋旅游鞋学生健步鞋慢跑鞋子9589黑/网面42商品编号：1257881158店铺：领投运动专营店商品毛重：1.0kg商品产地：中国大陆货号：986419119589尺码：39，40，41，42，43，44，45以上帮面材质：人造革选购热点：透气，经典款闭合方式：系带适合路面：跑道，公路，小道鞋底材质：EVA上市时间：2017秋季功能：缓冲，避震，透气，轻质适用人群：男士适用场景：休闲，运动，户外'),(44,'透气户外慢跑鞋','D:\\Users\\zxkj\\Pictures\\shoppingimges\\31532086427963.jpg','鞋子',200,79,'品牌：梵班（FAMDBANN）商品名称：梵班运动鞋男鞋2018夏季新款气垫跑步鞋男女款透气跑鞋情侣款休闲鞋韩版潮流慢跑鞋子男黑橘红男女款41运动鞋商品编号：23000813877店铺：梵班旗舰店商品毛重：0.8kg商品产地：中国大陆货号：梵班BX508尺码：35，36，37，38，39，40，41，42，43，44帮面材质：织物，合成革是否明星同款：否闭合方式：系带适合路面：跑道，小道鞋底材质：橡胶，PU适用场景：休闲，运动，户外功能：缓冲，避震，透气适用人群：男士上市时间：2018夏季'),(45,'网布透气跑鞋','D:\\Users\\zxkj\\Pictures\\shoppingimges\\41532086454799.jpg','鞋子',200,169,'品牌：鳄鱼恤（CROCODILE）商品名称：鳄鱼恤休闲鞋新款夏季透气网鞋男韩版户外运动鞋潮流个性刀锋跑鞋轻便减震耐磨男鞋学生潮鞋子小白鞋白色801641商品编号：27525208947店铺：鳄鱼恤香鳄王专卖店商品毛重：1.0kg商品产地：中国大陆货号：ST-8016/13风格：韩版闭合方式：系带皮质特征：其它鞋底材质：泡沫功能：耐磨制作工艺：胶粘鞋适用场景：运动休闲尺码：41销售渠道类型：线上销售鞋面材料：网布流行元素：车缝线内里材质：其它鞋跟形状：平底颜色：黑色鞋头款式：圆头款式：运动鞋上市时间：2018夏季'),(46,'英伦透气百搭小白鞋女','D:\\Users\\zxkj\\Pictures\\shoppingimges\\51532086484249.jpg','鞋子',200,138,'品牌：KATESEN商品名称：KATESEN男鞋休闲鞋男士休闲皮鞋英伦运动板鞋子时尚百搭小白鞋潮鞋夏黑色41商品编号：27792432670店铺：KATESEN官方旗舰店商品毛重：0.8kg货号：KT1611022风格：英伦闭合方式：系带皮质特征：软面皮鞋底材质：橡胶功能：透气制作工艺：纯手工适用场景：运动休闲尺码：38销售渠道类型：线上销售鞋面材料：牛皮流行元素：车缝线内里材质：其它鞋跟形状：平底颜色：黑色鞋头款式：圆头款式：休闲皮鞋上市时间：2018夏季'),(47,'平底板鞋','D:\\Users\\zxkj\\Pictures\\shoppingimges\\61532086502693.jpg','鞋子',100,109,'品牌：富贵鸟商品名称：休闲鞋女鞋夏季ins超火的鞋子透气韩版小白鞋女平底板鞋潮流网鞋女内增高运动鞋百搭老爹松糕鞋A610白色37商品编号：28941645551店铺：圣飞鞋类专营店商品毛重：0.9kg商品产地：中国大陆货号：6612尺码：35，36，37，38，39帮面材质：布面风格：休闲制作工艺：胶粘鞋适用人群：青年流行元素：镂空内里材质：布面闭合方式：系带开口深度：中口7-11颜色：白色鞋帮高度：低帮鞋鞋底材质：泡沫底图案：纯色款式：松糕鞋鞋头款式：圆头上市时间：2018春季'),(48,'透气韩版小白鞋','D:\\Users\\zxkj\\Pictures\\shoppingimges\\71532086525067.jpg','鞋子',100,79,'品牌：朱诺佩吉（JunoPage）商品名称：网纱透气休闲鞋女2018夏季新款韩版小白鞋女平底板鞋女学生白色校园鞋白黑37商品编号：28081819729店铺：滨海愿景女鞋专营店商品毛重：1.0kg商品产地：中国大陆货号：366-1尺码：35，36，37，38，39，40帮面材质：其它风格：休闲制作工艺：缝制鞋适用人群：青年流行元素：网状内里材质：超纤闭合方式：系带开口深度：浅口<7颜色：白色鞋帮高度：低帮鞋鞋底材质：橡胶底图案：纯色款式：其它鞋头款式：圆头上市时间：2018夏季'),(49,'牛皮小白鞋厚底板','D:\\Users\\zxkj\\Pictures\\shoppingimges\\81532086545002.jpg','鞋子',200,599,'品牌：NEWMILIN商品名称：NewMilin潮牌真皮厚底麦昆小白鞋女秋2018春季新款系带亮片单鞋百搭松糕鞋女休闲板鞋闪粉星星鞋白色(亮片底)37商品编号：29118814525店铺：NEWMILIN服饰官方旗舰店商品毛重：1.0kg帮面材质：头层牛皮风格：休闲闭合方式：系带皮质特征：漆皮鞋底材质：其它图案：拼色制作工艺：胶粘鞋尺码：35，36，37，38，39，40流行元素：亮片内里材质：真皮开口深度：深口鞋帮高度：其它颜色：黑色，白色，棕色，其它鞋头款式：圆头适用人群：青年款式：板鞋上市时间：2017夏季'),(50,'鱼嘴鞋','D:\\Users\\zxkj\\Pictures\\shoppingimges\\91532086565920.jpg','鞋子',100,129,'品牌：诺布斯（BZK）商品名称：BZK凉鞋女夏季新款果冻女鞋韩版鱼嘴凉鞋坡跟厚底松糕女鞋罗马学生平底女凉鞋沙滩鞋坡跟孕妇鞋白色37商品编号：27694400819店铺：b.z.k旗舰店商品毛重：0.8kg货号：HS005帮面材质：其它风格：甜美鞋垫材质：其它后帮：其它皮质特征：其它鞋底材质：橡胶底图案：拼色侧帮：空适用场景：日常尺码：36流行元素：色拼接内里材质：其它跟高：低跟<3鞋跟形状：坡跟制作工艺：硫化鞋颜色：白色鞋头款式：露趾闭合方式：套脚适用人群：青年上市时间：2018夏季'),(51,'真皮女鞋平底','D:\\Users\\zxkj\\Pictures\\shoppingimges\\101532086587124.jpg','鞋子',100,129,'品牌：Cityclover商品名称：凉鞋女夏季真皮女鞋韩版鱼嘴牛皮凉鞋露趾坡跟厚底松糕罗马学生平底女凉鞋沙滩鞋中跟孕妇鞋白色37商品编号：25884531200店铺：子陈鞋业专营店商品毛重：1.0kg货号：LSS121帮面材质：牛二层皮风格：甜美鞋垫材质：PU后帮：其它皮质特征：软面皮鞋底材质：橡胶底图案：涂鸦侧帮：空适用场景：日常尺码：37流行元素：其它内里材质：pu皮跟高：中跟3-5鞋跟形状：坡跟制作工艺：胶粘鞋颜色：白色，其它鞋头款式：露趾闭合方式：一字式扣带适用人群：青年上市时间：2018春季'),(52,'松糕凉拖鞋','D:\\Users\\zxkj\\Pictures\\shoppingimges\\111532086605840.jpg','鞋子',200,125,'品牌：盾狐商品名称：欧美外穿一字松糕厚底凉拖鞋女夏季2018新款百搭女鞋中跟拖鞋51885188白色37商品编号：12419245248店铺：盾狐女装旗舰店商品毛重：1.0kg商品产地：中国大陆货号：5188尺码：35帮面材质：PU风格：休闲流行元素：拼色适用场景：日常鞋跟形状：平跟鞋底材质：橡胶适用人群：青年（16-44岁）图案：纯色制作工艺：胶粘鞋款式：一字型上市时间：2018夏季'),(53,'keddo单鞋','D:\\Users\\zxkj\\Pictures\\shoppingimges\\121532086628386.jpg','鞋子',200,359,'商品名称：keddo2018春季新款休闲真皮厚底小白鞋女ins超火鞋子女松糕单鞋厚底小白鞋米白色38商品编号：26463815982店铺：KEDDO旗舰店商品毛重：1.0kg商品产地：中国大陆货号：CN880127/01帮面材质：头层牛皮风格：甜美闭合方式：魔术贴皮质特征：其它鞋底材质：橡胶底图案：纯色制作工艺：胶粘鞋适用场景：休闲尺码：35，36，37，38，39跟高：平跟内里材质：猪皮开口深度：浅口<7鞋跟形状：平跟流行元素：糖果色鞋头款式：圆头款式：乐福鞋适用人群：青年上市时间：2018春季'),(54,'尖头系带平底单鞋','D:\\Users\\zxkj\\Pictures\\shoppingimges\\131532086657954.jpg','鞋子',200,369,'品牌：意牧森商品名称：意牧森尖头平底单鞋女小白鞋舒适套脚韩版浅口小皮鞋休闲女鞋韩版单鞋子女士2018春季新款米白色38偏小一码商品编号：26335528137店铺：意牧森官方旗舰店商品毛重：500.00g货号：浙红艳达&555-1帮面材质：PU风格：甜美闭合方式：系带皮质特征：其它鞋底材质：牛筋底图案：纯色制作工艺：胶粘鞋适用场景：休闲尺码：36，37，38，39，40跟高：平跟内里材质：超纤开口深度：浅口<7鞋跟形状：平跟流行元素：日韩系鞋头款式：尖头款式：乐福鞋适用人群：青年上市时间：2018夏季'),(55,'圆头平底流苏单鞋','D:\\Users\\zxkj\\Pictures\\shoppingimges\\141532086680415.jpg','鞋子',200,369,'品牌：古哲仕（GUZHESHI）商品名称：古哲仕女鞋小白鞋女平底凉鞋女夏季圆头透气套脚休闲鞋女舒适单鞋鞋子女白色凉鞋37商品编号：25655706533店铺：古哲仕鞋靴旗舰店商品毛重：1.0kg商品产地：中国大陆货号：950帮面材质：PU风格：休闲闭合方式：套脚皮质特征：软面皮鞋底材质：橡胶底图案：纯色制作工艺：胶粘鞋尺码：37流行元素：流苏内里材质：棉质开口深度：浅口<7鞋帮高度：低帮鞋颜色：白色鞋头款式：圆头适用人群：青年款式：乐福鞋上市时间：2018春季'),(56,'尖头包跟单鞋','D:\\Users\\zxkj\\Pictures\\shoppingimges\\151532086705482.jpg','鞋子',200,459,'品牌：彬度鸟（BINDUNIAO）商品名称：彬度鸟2018夏季新款女凉鞋粗跟尖头单鞋中空一字式扣带高跟鞋B81008金色37商品编号：28470034702店铺：彬度鸟官方旗舰店商品毛重：1.0kg货号：B81008帮面材质：PU风格：休闲鞋垫材质：PU后帮：包跟皮质特征：软面皮鞋底材质：橡胶底图案：纯色侧帮：空适用场景：日常尺码：35流行元素：水钻内里材质：pu皮跟高：中跟3-5鞋跟形状：粗跟制作工艺：胶粘鞋颜色：黑色，其它鞋头款式：尖头闭合方式：一字式扣带适用人群：青年上市时间：2018夏季'),(57,'牛皮革尖厚空单鞋','D:\\Users\\zxkj\\Pictures\\shoppingimges\\161532086748759.jpg','鞋子',200,599,'品牌：简时黛（jellsidd）商品名称：【官方正品典藏版】品牌特惠专柜定制款休闲凉鞋粗跟高跟鞋水钻凉单鞋女鞋2018新品定制-蓝色37商品编号：27798107701店铺：简时黛鞋靴旗舰店商品毛重：1.0kg货号：87059帮面材质：其它风格：休闲鞋垫材质：超纤皮后帮：前后绑带皮质特征：软面皮鞋底材质：橡胶底图案：纯色侧帮：空适用场景：日常尺码：37流行元素：水钻内里材质：其它跟高：中跟3-5鞋跟形状：粗跟制作工艺：胶粘鞋颜色：灰色，蓝色鞋头款式：露趾闭合方式：一字式扣带适用人群：青年上市时间：2018夏季'),(58,'平底休闲鞋','D:\\Users\\zxkj\\Pictures\\shoppingimges\\171532086764538.jpg','鞋子',500,459,'品牌：珐曼（Farlmunn）商品名称：珐曼品牌平底网面休闲鞋女镂空透气一脚蹬懒人鞋2018夏季新款白色39商品编号：28538580217店铺：珐曼服饰旗舰店商品毛重：100.00g货号：F18H1232帮面材质：网布风格：其它闭合方式：套脚皮质特征：其它鞋底材质：橡胶底图案：纯色制作工艺：胶粘鞋尺码：34，35，36，37，38，39，40流行元素：镂空内里材质：真皮开口深度：浅口<7鞋帮高度：其它颜色：黑色，白色鞋头款式：圆头适用人群：中年款式：其它上市时间：2018夏季'),(59,'羊皮简约女士皮鞋','D:\\Users\\zxkj\\Pictures\\shoppingimges\\181532086791234.jpg','鞋子',500,599,'品牌：沙驰（SATCHI）商品名称：satchi沙驰女鞋2018春夏新款尖头低跟单鞋羊皮简约瓢鞋女式皮鞋杏色-E258082A35商品编号：26297883036店铺：沙驰旗舰店商品毛重：0.82kg商品产地：中国大陆货号：E258082A帮面材质：羊皮风格：优雅闭合方式：一字式扣带皮质特征：其它鞋底材质：橡胶底图案：纯色制作工艺：胶粘鞋适用场景：正装尺码：34，35，36，37，38，39跟高：平跟内里材质：猪皮开口深度：浅口<7鞋跟形状：平跟流行元素：铆钉鞋头款式：尖头款式：其它适用人群：青年上市时间：2018春季'),(60,'一脚蹬懒人厚底松糕鞋','D:\\Users\\zxkj\\Pictures\\shoppingimges\\191532086816700.jpg','鞋子',200,219,'品牌：依斯诺宇商品名称：厚底鞋松糕鞋女春秋季新款小白鞋内增高真皮一脚蹬懒人乐福鞋小码女鞋313233米边单鞋36商品编号：26358204977店铺：依斯诺宇鞋类专营店商品毛重：1.0kg商品产地：中国大陆货号：9203帮面材质：头层牛皮风格：韩版闭合方式：套脚皮质特征：软面皮鞋底材质：聚氨酯底图案：拼色制作工艺：胶粘鞋尺码：34，35，36，37，38，39，40流行元素：搭扣内里材质：真皮开口深度：浅口<7鞋帮高度：低帮鞋颜色：黑色，白色鞋头款式：圆头适用人群：青年款式：乐福鞋上市时间：2018秋季'),(61,'低帮休闲鞋','D:\\Users\\zxkj\\Pictures\\shoppingimges\\201532086834826.jpg','鞋子',200,269,'品牌：莱卡金顿（LAIKAJINDUN）商品名称：莱卡金顿休闲鞋女春秋季新款小白鞋女韩版学生板鞋透气百搭运动鞋厚底女鞋浅蓝色M2037商品编号：24898804533店铺：信泰隆鞋靴专营店商品毛重：500.00g商品产地：中国大陆货号：0119M1920帮面材质：超纤风格：韩版闭合方式：系带皮质特征：软面皮鞋底材质：橡胶底图案：纯色制作工艺：胶粘鞋尺码：37流行元素：其它内里材质：网纱开口深度：深口鞋帮高度：低帮鞋颜色：黑色，白色鞋头款式：圆头适用人群：青年款式：板鞋上市时间：2018春季'),(62,'华为P20','D:\\Users\\zxkj\\Pictures\\shoppingimges\\11532086880237.jpg','手机',99,4288,'品牌：华为（HUAWEI）商品名称：华为P20Pro商品编号：6946629商品毛重：500.00g商品产地：中国大陆多卡支持：双卡双待单4G机身厚度：薄（7mm-8.5mm）拍照特点：光学变焦，智能拍照电池容量：4000mAh-5999mAh机身颜色：浅蓝色系热点：人工智能，人脸识别，快速充电运行内存：6GB系统：安卓（Android）游戏配置：游戏模式屏幕配置：OLED屏，符合全面屏比例后置摄像头像素：2000万及以上机身内存：128GB网络制式：4GLTE全网通'),(63,'一加手机全面屏','D:\\Users\\zxkj\\Pictures\\shoppingimges\\21532086903231.jpg','手机',199,3599,'品牌：一加商品名称：一加6商品编号：7834050商品毛重：0.54kg商品产地：中国大陆多卡支持：双卡双待单4G机身厚度：薄（7mm-8.5mm）拍照特点：后置双摄像头电池容量：3000mAh-3999mAh机身颜色：红色系热点：人工智能，人脸识别，快速充电运行内存：8GB前置摄像头像素：1600万-1999万系统：安卓（Android）屏幕配置：OLED屏，符合全面屏比例游戏配置：游戏模式，游戏深度适配/调优，VOLTE功能机身内存：128GB网络制式：4GLTE全网通'),(64,'华为荣耀10','D:\\Users\\zxkj\\Pictures\\shoppingimges\\31532086932748.jpg','手机',198,2599,'品牌：华为（HUAWEI）商品名称：华为荣耀10商品编号：7081550商品毛重：420.00g商品产地：中国大陆系统：安卓（Android）机身厚度：薄（7mm-8.5mm）网络制式：4GLTE全网通机身颜色：浅蓝色系热点：快速充电运行内存：6GB电池容量：3000mAh-3999mAh后置摄像头像素：2000万及以上机身内存：64GB多卡支持：双卡双待单4G'),(65,'vivoNEX全面屏手机','D:\\Users\\zxkj\\Pictures\\shoppingimges\\41532086969364.png','手机',300,3898,'品牌：vivo商品名称：vivoNEXA商品编号：29174630678店铺：vivo官方旗舰店商品毛重：0.525kg多卡支持：双卡双待单4G机身厚度：薄（7mm-8.5mm）拍照特点：智能拍照，后置双摄像头网络制式：4GLTE全网通电池容量：4000mAh-5999mAh热点：人工智能运行内存：6GB前置摄像头像素：800万-1599万游戏配置：游戏模式，VOLTE功能屏幕配置：OLED屏，符合全面屏比例后置摄像头像素：1200万-1999万机身内存：128GB系统：安卓'),(66,'华为P20pro','D:\\Users\\zxkj\\Pictures\\shoppingimges\\51532086991736.jpg','手机',200,5488,'品牌：华为（HUAWEI）商品名称：华为P20Pro商品编号：6946629商品毛重：500.00g商品产地：中国大陆多卡支持：双卡双待单4G机身厚度：薄（7mm-8.5mm）拍照特点：光学变焦，智能拍照电池容量：4000mAh-5999mAh机身颜色：浅蓝色系热点：人工智能，人脸识别，快速充电运行内存：6GB系统：安卓（Android）游戏配置：游戏模式屏幕配置：OLED屏，符合全面屏比例后置摄像头像素：2000万及以上机身内存：128GB网络制式：4GLTE全网通为P20Pro¥5488.00'),(67,'iphoneX','D:\\Users\\zxkj\\Pictures\\shoppingimges\\61532087016847.jpg','手机',197,7099,'品牌：Apple商品名称：AppleiPhoneX商品编号：5089253商品毛重：435.00g商品产地：中国大陆机身内存：64GB'),(68,'一加手机6','D:\\Users\\zxkj\\Pictures\\shoppingimges\\71532087034703.jpg','手机',200,3599,'品牌：一加商品名称：一加6手机OnePlus6游戏手机【6期免息】墨岩黑全网通(8G+128G)商品编号：28290611956店铺：新松联手机旗舰店商品毛重：500.00g多卡支持：双卡双待单4G机身厚度：薄（7mm-8.5mm）拍照特点：后置双摄像头网络制式：4GLTE全网通热点：人脸识别，快速充电运行内存：6GB前置摄像头像素：1600万-1999万屏幕配置：符合全面屏比例后置摄像头像素：1200万-1999万机身内存：64GB系统：安卓'),(69,'iphone8plus','D:\\Users\\zxkj\\Pictures\\shoppingimges\\81532087060707.jpg','手机',200,5699,'品牌：Apple商品名称：AppleiPhone8Plus商品编号：6784500商品毛重：480.00g商品产地：中国大陆机身内存：64GB'),(70,'华为nova3e','D:\\Users\\zxkj\\Pictures\\shoppingimges\\91532087090413.jpg','手机',200,1999,'品牌：华为（HUAWEI）商品名称：华为nova3e商品编号：6840917商品毛重：315.00g商品产地：中国大陆多卡支持：双卡双待双4G机身厚度：薄（7mm-8.5mm）拍照特点：后置双摄像头电池容量：3000mAh-3999mAh机身颜色：浅蓝色系热点：人脸识别运行内存：4GB系统：安卓（Android）游戏配置：游戏模式屏幕配置：异形屏后置摄像头像素：1200万-1999万机身内存：64GB网络制式：4GLTE全网通'),(71,'小米8SE','D:\\Users\\zxkj\\Pictures\\shoppingimges\\101532087107911.jpg','手机',200,1799,'品牌：小米（MI）商品名称：小米小米8SE商品编号：7437786商品毛重：410.00g商品产地：中国大陆系统：安卓（Android）机身厚度：薄（7mm-8.5mm）拍照特点：后置双摄像头电池容量：3000mAh-3999mAh机身颜色：灰色系热点：人工智能，快速充电运行内存：6GB前置摄像头像素：2000万及以上机身内存：64GB后置摄像头像素：1200万-1999万游戏配置：MIMO技术，VOLTE功能老人机配置：智能机（老龄模式）屏幕配置：符合全面屏比例'),(72,'vivoX21','D:\\Users\\zxkj\\Pictures\\shoppingimges\\12-11532087161542.jpg','手机',200,2698,'品牌：vivo商品名称：vivoX21商品编号：7109904商品毛重：0.53kg商品产地：中国大陆系统：安卓（Android）机身厚度：薄（7mm-8.5mm）拍照特点：前置闪光灯，智能拍照，后置双摄像头电池容量：3000mAh-3999mAh机身颜色：黑色系热点：人脸识别，快速充电运行内存：6GB游戏配置：游戏模式，VOLTE功能后置摄像头像素：2000万及以上机身内存：128GB屏幕配置：OLED屏，防蓝光，符合全'),(75,'TCL75A950U','D:\\Users\\zxkj\\Pictures\\shoppingimges\\11532087399273.jpg','电视',48,11987,'品牌：TCL商品名称：TCL75A950U商品编号：5830869商品毛重：50.3kg商品产地：中国大陆观看距离：3.5米以上分辨率：超高清电视类型：人工智能电视，大屏电视，超薄电视，4K超清电视，HDR能效等级：二级能效屏幕尺寸：70英寸及以上选购指数：10.0-8.0'),(76,'海信LED55EC550U','D:\\Users\\zxkj\\Pictures\\shoppingimges\\21532087433589.jpg','电视',196,2399,'品牌：海信（Hisense）商品名称：海信LED55EC500U商品编号：5218185商品毛重：22.0kg商品产地：中国大陆货号：1TE55GNTCNCB观看距离：2.5-3米分辨率：超高清电视类型：人工智能电视，4K超清电视，HDR能效等级：三级能效屏幕尺寸：55英寸'),(77,'小米电视4C','D:\\Users\\zxkj\\Pictures\\shoppingimges\\31532087457925.jpg','电视',199,1899,'品牌：小米（MI）商品名称：小米L50M5-AD商品编号：6916787商品毛重：30.0kg商品产地：中国大陆观看距离：2.5-3米分辨率：超高清电视类型：4K超清电视能效等级：三级能效屏幕尺寸：49-50英寸'),(78,'TCL超薄无边框全面屏','D:\\Users\\zxkj\\Pictures\\shoppingimges\\41532087488545.jpg','电视',50,6688,'品牌：TCL商品名称：TCL65Q2商品编号：7281306商品毛重：35.2kg商品产地：中国大陆观看距离：3.5米以上分辨率：超高清电视类型：全面屏电视，人工智能电视，大屏电视，超薄电视，4K超清电视，HDR能效等级：二级能效屏幕尺寸：65英寸选购指数：10.0-8.0'),(80,'液晶平板电视','D:\\Users\\zxkj\\Pictures\\shoppingimges\\91532087580005.jpg','点数',50,3199,'品牌：小米（MI）商品名称：小米L55M5-AD商品编号：7171104商品毛重：18.0kg商品产地：中国大陆观看距离：2.5-3米分辨率：超高清电视类型：人工智能电视，4K超清电视能效等级：三级能效屏幕尺寸：55英寸'),(81,'曲面HDR超薄电视机','D:\\Users\\zxkj\\Pictures\\shoppingimges\\101532087607514.jpg','电视',50,2588,'品牌：康佳（KONKA）商品名称：康佳LED55UC5商品编号：6968325商品毛重：20.8kg商品产地：中国大陆观看距离：3-3.5米分辨率：超高清电视类型：人工智能电视，超薄电视，4K超清电视，曲面电视，HDR能效等级：二级能效屏幕尺寸：55英寸选购指数：10.0-8.0'),(82,'TCL34核原色量子点','D:\\Users\\zxkj\\Pictures\\shoppingimges\\111532087641015.jpg','电视',50,7687,'品牌：TCL商品名称：TCL65Q960C商品编号：5278181商品毛重：34.4kg商品产地：中国大陆观看距离：3.5米以上分辨率：超高清电视类型：人工智能电视，超薄电视，4K超清电视，量子点电视，曲面电视，HDR能效等级：二级能效屏幕尺寸：65英寸选购指数：10.0-8.0'),(83,'海信LED49EC780UC','D:\\Users\\zxkj\\Pictures\\shoppingimges\\121532087673483.jpg','电视',50,2999,'品牌：海信（Hisense）商品名称：海信LED49EC780UC商品编号：5284466商品毛重：20.5kg商品产地：中国大陆货号：1TE4969TCNCD观看距离：2-2.5米分辨率：超高清电视类型：人工智能电视，4K超清电视，曲面电视，HDR能效等级：三级能效屏幕尺寸：49-50英寸'),(84,'康佳LED49UC3','D:\\Users\\zxkj\\Pictures\\shoppingimges\\131532087694008.jpg','电视',100,2599,'品牌：康佳（KONKA）商品名称：康佳（KONKA）UC5系列金属曲面前置音响42核HDR人工智能4K超高清电视49吋曲面全面屏4K-LED49UC5商品编号：30165310257店铺：国盛家电官方旗舰店商品毛重：16.8kg商品产地：中国大陆观看距离：2.5-3米分辨率：超高清电视类型：人工智能电视，超薄电视，4K超清电视，曲面电视，HDR能效等级：二级能效选购指数：10.0-8.0'),(85,'乐华T32曲面屏','D:\\Users\\zxkj\\Pictures\\shoppingimges\\141532087715419.jpg','电视',50,888,'品牌：乐华商品名称：TCLT32M6C商品编号：4203204商品毛重：9.4kg商品产地：惠州接口：HDMI，DVI，VGA特征：曲面尺寸：30-32英寸分辨率：1920*1080（全高清）面板：VA'),(86,'全高清曲面屏安卓智能液晶电视','D:\\Users\\zxkj\\Pictures\\shoppingimges\\151532087751953.jpg','电视',50,2299,'品牌：海尔（Haier）商品名称：海尔55Q3商品编号：2791427商品毛重：19.2kg商品产地：中国大陆观看距离：3-3.5米分辨率：全高清电视类型：超薄电视，曲面电视能效等级：二级能效屏幕尺寸：55英寸选购指数：10.0-8.0'),(87,'荣耀14寸笔记本电脑','D:\\Users\\zxkj\\Pictures\\shoppingimges\\11532087787228.jpg','电脑',97,4499,'品牌：华为（HUAWEI）商品名称：华为荣耀MagicBook商品编号：7271737商品毛重：1.47kg商品产地：中国大陆系统：Windows10厚度：15.1mm—20.0mm硬盘容量：256G固态色系：银色系待机时长：9小时以上系列：其他裸机重量：1-1.5KG显卡类别：入门级游戏独立显卡屏幕尺寸：14.0英寸显卡型号：MX150特性：窄边框，背光键盘，指纹识别内存容量：8G分辨率：全高清屏（1920×1080）显存容量：2G分类：轻薄本处理器：Inteli5低功耗版游戏性能：入门级'),(88,'惠普暗夜精灵4','D:\\Users\\zxkj\\Pictures\\shoppingimges\\21532087860863.jpg','电脑',94,6699,'品牌：惠普（HP）商品名称：惠普暗影精灵4代商品编号：7435200商品毛重：3.64kg商品产地：中国大陆货号：4LE21PA系统：Windows10分辨率：全高清屏（1920×1080）厚度：20.0mm以上内存容量：8G显卡型号：GTX1050Ti游戏性能：吃鸡性能，发烧级待机时长：9小时以上处理器：Inteli5标准电压版特性：背光键盘系列：惠普-暗影精灵裸机重量：2-2.5kg显卡类别：高性能游戏独立显卡显存容量：4G硬盘容量：128G+1T屏幕尺寸：15.6英寸'),(89,'华硕MJ248QR24','D:\\Users\\zxkj\\Pictures\\shoppingimges\\31532087898232.jpg','电脑',100,1699,'品牌：华硕（ASUS）商品名称：华硕MG248QR商品编号：4556059商品毛重：7.58kg商品产地：中国大陆接口：HDMI，DVI，DP，音频/耳机输出特征：电竞144Hz及以上，旋转升降底座，FreeSync，内置音箱尺寸：24-25英寸分辨率：1920*1080（全高清）面板：TN'),(90,'联想致美一体机','D:\\Users\\zxkj\\Pictures\\shoppingimges\\41532087922963.jpg','电脑',200,3799,'品牌：联想（Lenovo）商品名称：联想（Lenovo）致美AIO520-24一体机电脑台式机八代四核新款家用商务用学习办公银色/定制I3-8100T8G1T+128G核心显卡23.8英寸WIN10商品编号：28380402657店铺：联想同诚台式机授权专卖店商品毛重：7.0kg商品产地：中国大陆系统：Windows10内存容量：8G屏幕尺寸：22-23.8英寸硬盘容量：固态+机械显卡：集成显卡优选服务：三年质保，上门服务处理器：Inteli3'),(91,'戴尔成就3668台式机','D:\\Users\\zxkj\\Pictures\\shoppingimges\\51532087950183.jpg','电脑',199,2999,'品牌：戴尔（DELL）商品名称：戴尔成就Vostro3668-R2308商品编号：6512785商品毛重：7.32kg商品产地：中国大陆系统：Windows10用途：商用为主硬盘容量：1T显卡：集成显卡处理器：Inteli3优选服务：三年质保，上门服务电脑形态：主机+显示器显示器尺寸：18.5-19.5英寸内存容量：4G'),(92,'清华同方T850','D:\\Users\\zxkj\\Pictures\\shoppingimges\\61532087974129.jpg','电脑',100,4499,'品牌：清华同方（THTF）商品名称：清华同方精锐T850商品编号：7423565商品毛重：7.85kg商品产地：中国大陆系统：Windows10用途：商用为主硬盘容量：1T显卡：AMD芯片处理器：Inteli5优选服务：三年质保电脑形态：主机+显示器显示器尺寸：23-24英寸内存容量：8G'),(93,'天翼电脑台式机','D:\\Users\\zxkj\\Pictures\\shoppingimges\\71532087999384.jpg','电脑',100,4899,'品牌：联想（Lenovo）商品名称：联想天逸510Pro商品编号：7491530商品毛重：9.02kg商品产地：中国大陆电脑形态：主机+显示器处理器：Inteli5用途：商用为主优选服务：三年质保，上门服务内存容量：8G显卡：其他系统：Windows10硬盘容量：1T'),(94,'扬天台式机','D:\\Users\\zxkj\\Pictures\\shoppingimges\\81532088023099.jpg','电脑',100,3299,'品牌：联想（Lenovo）商品名称：联想扬天M4000e(PLUS)商用台式电脑主机（I3-71004G1T集显DVDRW千兆网卡WIN1064位）商品编号：4207627商品毛重：7.25kg商品产地：中国大陆系统：Windows10用途：商用为主硬盘容量：1T显卡：集成显卡处理器：Inteli3优选服务：四年及以上质保，上门服务，7*24H咨询电脑形态：主机+显示器显示器尺寸：18.5-19.5英寸内存容量：4G'),(95,'成就3470台式机','D:\\Users\\zxkj\\Pictures\\shoppingimges\\91532088066830.jpg','电脑',100,4299,'品牌：戴尔（DELL）商品名称：戴尔Vostro3470-R1428R商品编号：7108222商品毛重：5.88kg商品产地：中国大陆系统：Windows10用途：商用为主硬盘容量：1T显卡：集成显卡处理器：Inteli5优选服务：四年及以上质保，上门服务电脑形态：主机+显示器显示器尺寸：21.5英寸内存容量：8G'),(96,'小欧270-P031台式机','D:\\Users\\zxkj\\Pictures\\shoppingimges\\101532088092742.jpg','电脑',100,2299,'品牌：惠普（HP）商品名称：惠普（HP）小欧商用办公台式电脑整机270-p031cni3-71004G1T无线网卡单主机（不含显示器）商品编号：16593247014店铺：惠普诚信专卖店商品毛重：7.0kg电脑形态：主机+显示器用途：家用为主处理器：其他内存容量：4G显卡：集成显卡系统：Windows10硬盘容量：500G，1T'),(97,'联想拯救者Y7000','D:\\Users\\zxkj\\Pictures\\shoppingimges\\111532088131106.jpg','电脑',95,6699,'品牌：联想（Lenovo）商品名称：联想拯救者商品编号：8132645商品毛重：4.0kg商品产地：中国大陆系统：Windows10分辨率：全高清屏（1920×1080）厚度：20.0mm以上内存容量：8G显卡型号：GTX1050Ti游戏性能：发烧级待机时长：5-7小时处理器：Inteli7标准电压版特性：背光键盘系列：联想-拯救者裸机重量：2-2.5kg显卡类别：高性能游戏独立显卡显存容量：4G硬盘容量：128G+1T屏幕尺寸：15.6英寸'),(98,'联想拯救者R720','D:\\Users\\zxkj\\Pictures\\shoppingimges\\121532088167308.jpg','电脑',200,5399,'品牌：联想（Lenovo）商品名称：拯救者R720商品编号：5512841商品毛重：4.15kg商品产地：中国大陆货号：80WW000YCD系统：Windows10分辨率：全高清屏（1920×1080）厚度：20.0mm以上内存容量：8G显卡型号：GTX1050Ti游戏性能：发烧级待机时长：小于5小时处理器：Inteli5标准电压版特性：背光键盘系列：联想-拯救者裸机重量：2-2.5kg显卡类别：高性能游戏独立显卡显存容量：4G硬盘容量：128G+1T屏幕尺寸：15.6英寸'),(99,'暗夜精灵4','D:\\Users\\zxkj\\Pictures\\shoppingimges\\131532088190401.jpg','电脑',200,7699,'品牌：惠普（HP）商品名称：惠普暗影精灵4代商品编号：7435156商品毛重：4.04kg商品产地：中国大陆货号：4LE12PA系统：Windows10分辨率：全高清屏（1920×1080）厚度：20.0mm以上内存容量：8G显卡型号：GTX1060游戏性能：吃鸡性能，发烧级，骨灰级待机时长：5-7小时处理器：Inteli5标准电压版特性：背光键盘系列：惠普-暗影精灵裸机重量：大于2.5KG显卡类别：高性能游戏独立显卡显存容量：6G硬盘容量：128G+1T屏幕尺寸：15.6英寸'),(100,'DELL游匣G3游戏笔记本','D:\\Users\\zxkj\\Pictures\\shoppingimges\\141532088225157.jpg','电脑',100,5699,'品牌：戴尔（DELL）商品名称：戴尔G3商品编号：7555189商品毛重：3.82kg商品产地：中国大陆系统：Windows10分辨率：全高清屏（1920×1080）厚度：20.0mm以上内存容量：8G显卡型号：GTX1060游戏性能：吃鸡性能，骨灰级待机时长：9小时以上处理器：Inteli7标准电压版特性：其他系列：戴尔-游匣裸机重量：大于2.5KG显卡类别：高性能游戏独立显卡显存容量：6G硬盘容量：128G+1T屏幕尺寸：15.6英寸'),(101,'DELL灵越游匣游戏本','D:\\Users\\zxkj\\Pictures\\shoppingimges\\151532088263209.jpg','电脑',200,5499,'品牌：戴尔（DELL）商品名称：戴尔灵越Inspiron7567-R4645B商品编号：5352358商品毛重：4.07kg商品产地：中国大陆系统：Windows10分辨率：全高清屏（1920×1080）厚度：20.0mm以上内存容量：8G显卡型号：GTX1050Ti游戏性能：吃鸡性能，发烧级待机时长：小于5小时处理器：Inteli5标准电压版特性：其他系列：戴尔-游匣裸机重量：大于2.5KG显卡类别：高性能游戏独立显卡显存容量：4G硬盘容量：128G+1T屏幕尺寸：15.6英寸'),(102,'乐视无限薯片','D:\\Users\\zxkj\\Pictures\\shoppingimges\\11532088309465.jpg','零食',1994,19.9,'品牌：乐事（Lay\'s）商品名称：乐事薯片商品编号：963181商品毛重：460.00g商品产地：上海/北京/武汉国产/进口：国产分类：膨化食品'),(103,'串烧味拉面丸子','D:\\Users\\zxkj\\Pictures\\shoppingimges\\21532088333580.jpg','零食',998,9.9,'品牌：三只松鼠（ThreeSquirrels）商品名称：满199减120三只松鼠_小贱拉面丸子85g零食小吃休闲膨化干脆面串烧味意大利肉酱味商品编号：27690768595店铺：三只松鼠旗舰店商品毛重：85.00g国产/进口：国产分类：其它'),(104,'碧东混搭营养坚果包','D:\\Users\\zxkj\\Pictures\\shoppingimges\\31532088363740.jpg','零食',1000,4.5,'品牌：碧东商品名称：碧东碧东单包25g商品编号：6939831商品毛重：30.00g商品产地：中国大陆国产/进口：国产分类：每日坚果，腰果，杏仁/巴旦木'),(105,'零食大礼包','D:\\Users\\zxkj\\Pictures\\shoppingimges\\41532088380054.jpg','零食',2000,36.9,'品牌：盐津铺子商品名称：盐津铺子零食大礼包1001g商品编号：5339336商品毛重：1.14kg商品产地：湖南长沙口味：混合口味资质认证：其它国产/进口：国产包装：其它分类：豆类制品包装单位：袋装'),(106,'进口休闲零食大礼包','D:\\Users\\zxkj\\Pictures\\shoppingimges\\51532088399284.jpg','零食',1500,99,'品牌：馋小贝（CHANXIAOBEI）商品名称：馋小贝零食大礼包商品编号：6162164商品毛重：1.44kg商品产地：中国大陆福建省国产/进口：国产分类：其它'),(107,'肉类豆干零食大礼包','D:\\Users\\zxkj\\Pictures\\shoppingimges\\61532088426150.jpg','零食',2100,21.9,'品牌：口水娃商品名称：口水娃鱼肉零食小吃500g商品编号：3636313商品毛重：0.575kg商品产地：中国江苏资质认证：其它果冻形态：其它包装单位：袋装果冻布丁分类：其它国产/进口：国产膨化食品：其它分类：其它包装：组合装豆类制品：其它'),(109,'亲嘴烧','D:\\Users\\zxkj\\Pictures\\shoppingimges\\81532088483265.jpg','零食',2000,32.9,'品牌：卫龙商品名称：卫龙亲嘴烧商品编号：3706193商品毛重：1.265kg商品产地：河南漯河是否含糖：含糖果冻布丁分类：其它资质认证：其它国产/进口：国产分类：其它包装：组合装包装单位：分享装'),(110,'良品铺子麻花','D:\\Users\\zxkj\\Pictures\\shoppingimges\\91532088506936.jpg','零食',1500,10.5,'品牌：良品铺子商品名称：良品铺子麻花商品编号：3924059商品毛重：220.00g商品产地：浙江杭州国产/进口：国产膨化食品：麻花分类：膨化食品包装单位：袋装'),(111,'卫龙辣条','D:\\Users\\zxkj\\Pictures\\shoppingimges\\101532088526354.jpg','零食',20000,2.6,'品牌：卫龙商品名称：卫龙亲嘴语商品编号：4561504商品毛重：90.00g商品产地：河南漯河国产/进口：国产分类：其它资质认证：其它包装单位：袋装'),(112,'朱先森黄桃罐头','D:\\Users\\zxkj\\Pictures\\shoppingimges\\111532088565934.jpg','零食',2000,3.9,'品牌：朱先森商品名称：朱先森黄桃对开水果罐头礼盒6罐装商品编号：5059880商品毛重：3.3kg商品产地：山东省菏泽市是否含糖：含糖果冻布丁分类：果肉型国产/进口：国产包装：礼盒装分类：其它包装单位：盒装'),(113,'麻辣豆皮','D:\\Users\\zxkj\\Pictures\\shoppingimges\\121532088585045.jpg','零食',5000,9.9,'品牌：良品铺子商品名称：良品铺子【199减120】麻辣豆皮60g童年辣片辣条豆干儿时休闲零食巧豆皮60g商品编号：28008929810店铺：良品铺子官方旗舰店商品毛重：60.00g商品产地：中国大陆货号：6932588591479资质认证：其它果冻形态：其它包装单位：袋装口味：香辣味国产/进口：国产果冻布丁分类：其它分类：其它包装：其它膨化食品：其它豆类制品：其它'),(114,'口水蛙零食大礼包','D:\\Users\\zxkj\\Pictures\\shoppingimges\\131532088606685.jpg','零食',500,66.8,'品牌：口水娃商品名称：口水娃零食大礼包一整箱抖音同款网红休闲食品辣条麻辣肉食混合组合装送男女朋友儿童礼盒装量多好吃小吃商品编号：12483101632店铺：七尾鱼食品专营店商品毛重：1061.0kg商品产地：中国大陆资质认证：其它果冻形态：其它包装单位：盒装口味：原味国产/进口：国产果冻布丁分类：其它分类：膨化食品包装：礼盒装膨化食品：锅巴豆类制品：青豆'),(115,'小面筋','D:\\Users\\zxkj\\Pictures\\shoppingimges\\141532088622907.jpg','零食',1000,14.9,'品牌：卫龙商品名称：卫龙组合分享装商品编号：4261750商品毛重：0.895kg商品产地：河南漯河国产/进口：国产分类：豆类制品'),(116,'小麻花黑糖味麻花','D:\\Users\\zxkj\\Pictures\\shoppingimges\\151532088650000.jpg','零食',500,9.9,'品牌：三只松鼠（ThreeSquirrels）商品名称：三只松鼠麻花商品编号：4438331商品毛重：130.00g商品产地：重庆市国产/进口：国产分类：膨化食品包装：其它'),(117,'柠檬茶','D:\\Users\\zxkj\\Pictures\\shoppingimges\\11532088674892.jpg','饮料',1995,56.9,'品牌：屈臣氏（Watsons）商品名称：屈臣氏屈臣氏（Watsons）碧泉柠檬茶330MLX24听整箱商品编号：3193199商品毛重：8.78kg商品产地：中国大陆包装件数：20以上果汁成分含量：其它是否含糖：含糖单件容量：251mL-600mL适用场景：餐桌，亲子，出游口味：柠檬味分类：茶饮料包装：独立包装进口/国产：国产'),(118,'水蜜桃汁','D:\\Users\\zxkj\\Pictures\\shoppingimges\\21532088696796.jpg','饮料',998,19.9,'品牌：盼盼商品名称：盼盼盼盼水蜜桃250ml*24盒商品编号：3261776商品毛重：6.0kg商品产地：中国大陆是否含糖：含糖单件容量：250mL及以下包装件数：20以上适用场景：餐桌，送礼，熬夜/加班，运动，亲子，出游，其它包装：独立包装分类：果味饮料果汁成分含量：100%以下进口/国产：国产'),(119,'可口可乐','D:\\Users\\zxkj\\Pictures\\shoppingimges\\31532088713466.jpg','饮料',1500,43.8,'品牌：可口可乐（Coca-Cola）商品名称：可口可乐饮料商品编号：4431446商品毛重：8.97kg商品产地：中国大陆包装件数：20以上果汁成分含量：其它是否含糖：含糖单件容量：251mL-600mL适用场景：餐桌，出游包装：独立包装分类：碳酸饮料碳酸饮料分类：可乐进口/国产：国产'),(120,'苏打水','D:\\Users\\zxkj\\Pictures\\shoppingimges\\41532088728536.jpg','饮料',1000,19.9,'品牌：依能商品名称：依能苏打水商品编号：2355356商品毛重：5.6kg商品产地：河南新乡单件容量：400ml以下包装件数：13-24适用场景：生活用水进口/国产：国产分类：苏打水包装：独立包装包装单位：箱装'),(121,'天然椰子水','D:\\Users\\zxkj\\Pictures\\shoppingimges\\51532088749100.jpg','饮料',2000,88,'品牌：唯他可可（VitaCoco）商品名称：唯他可可饮料商品编号：1256816商品毛重：4.47kg商品产地：马来西亚、泰国是否含糖：含糖口味：椰子味包装件数：7-12包装：便携装分类：果蔬汁单件容量：251mL-600mL适用场景：熬夜/加班，运动，出游'),(122,'加多包凉茶','D:\\Users\\zxkj\\Pictures\\shoppingimges\\61532088765418.jpg','饮料',200,34.9,'品牌：加多宝商品名称：加多宝凉茶商品编号：2736969商品毛重：5.26kg商品产地：中国大陆功能饮料：其它包装件数：13-20果汁成分含量：其它适用场景：餐桌，送礼，熬夜/加班，运动，亲子，出游，其它是否含糖：含糖单件容量：251mL-600mL包装：组合装口味：其它进口/国产：国产分类：中草药饮料碳酸饮料分类：其它茶饮料系列：其它'),(123,'加多宝凉茶植物饮料盒装','D:\\Users\\zxkj\\Pictures\\shoppingimges\\71532088788931.jpg','饮料',1000,24.9,'品牌：加多宝商品名称：加多宝凉茶250ml*16盒整箱商品编号：1151209商品毛重：4.57kg商品产地：中国北京功能饮料：其它包装件数：13-20果汁成分含量：其它适用场景：餐桌，送礼，熬夜/加班，运动，亲子，出游，其它是否含糖：含糖单件容量：250mL及以下包装：独立包装口味：其它进口/国产：国产分类：中草药饮料碳酸饮料分类：其它茶饮料系列：其它'),(124,'桂花酸梅汤','D:\\Users\\zxkj\\Pictures\\shoppingimges\\81532088806945.jpg','饮料',5000,62.9,'品牌：信远斋商品名称：信远斋全国包邮老北京桂花酸梅汤饮料酸梅汁乌梅汁桂花汁300ml*12瓶家庭装商品编号：25691055204店铺：信远斋旗舰店商品毛重：6.14kg是否含糖：含糖单件容量：251mL-600mL包装件数：7-12包装：独立包装果汁成分含量：100%以下进口/国产：国产'),(125,'可口可乐300ml*12','D:\\Users\\zxkj\\Pictures\\shoppingimges\\91532088829692.jpg','饮料',1000,24,'品牌：可口可乐（Coca-Cola）商品名称：可口可乐饮料商品编号：7321529商品毛重：3.9kg商品产地：中国大陆功能饮料：其它包装件数：7-12果汁成分含量：其它是否含糖：无糖口味：其它包装：独立包装单件容量：251mL-600mL分类：碳酸饮料碳酸饮料分类：可乐进口/国产：国产'),(126,'东鹏特饮维生素功能饮料','D:\\Users\\zxkj\\Pictures\\shoppingimges\\101532088851451.jpg','饮料',1000,32.9,'品牌：东鹏商品名称：东鹏东鹏特饮商品编号：3941519商品毛重：6.82kg商品产地：中国大陆功能饮料：能量饮料包装件数：20以上果汁成分含量：其它是否含糖：含糖口味：其它适用场景：餐桌，送礼，熬夜/加班，运动，出游，其它单件容量：250mL及以下分类：功能饮料包装：独立包装进口/国产：国产'),(127,'加锌苏打水','D:\\Users\\zxkj\\Pictures\\shoppingimges\\111532088916144.jpg','饮料',1000,27.9,'品牌：依能商品名称：依能500ml加锌苏打水商品编号：3486003商品毛重：8.36kg商品产地：河南新乡是否含糖：无糖单件容量：251mL-600mL包装件数：13-20适用场景：餐桌，送礼，熬夜/加班，运动，亲子，出游，其它包装：独立包装果汁成分含量：浓缩进口/国产：国产'),(128,'无糖乌龙茶','D:\\Users\\zxkj\\Pictures\\shoppingimges\\121532088940271.jpg','饮料',2000,49.5,'品牌：三得利（Suntory）商品名称：三得利无糖乌龙茶饮料500ML*15瓶整箱商品编号：2293339商品毛重：8.15kg商品产地：中国上海功能饮料：其它包装件数：13-20果汁成分含量：100%以下适用场景：餐桌，送礼，熬夜/加班，其它是否含糖：无糖单件容量：251mL-600mL包装：独立包装口味：其它进口/国产：国产分类：茶饮料碳酸饮料分类：其它茶饮料系列：乌龙茶'),(129,'浓缩植物功能饮料','D:\\Users\\zxkj\\Pictures\\shoppingimges\\131532088963092.jpg','饮料',500,66,'品牌：F6商品名称：F6F6supershot60ML*6瓶/盒商品编号：7236646商品毛重：0.58kg商品产地：中国大陆功能饮料：能量饮料包装件数：1-6果汁成分含量：浓缩是否含糖：含糖口味：其它适用场景：餐桌，送礼，熬夜/加班，运动，亲子，出游，其它单件容量：250mL及以下分类：功能饮料包装：独立包装进口/国产：国产'),(130,'脉动','D:\\Users\\zxkj\\Pictures\\shoppingimges\\141532088983054.jpg','饮料',5000,49.9,'品牌：脉动（Mizone）商品名称：脉动青柠味运动饮料600ml*15瓶整箱商品编号：1044735商品毛重：9.92kg商品产地：中国大陆功能饮料：运动饮料包装件数：13-20果汁成分含量：其它适用场景：餐桌，送礼，熬夜/加班，运动，出游，其它是否含糖：含糖单件容量：251mL-600mL包装：独立包装口味：其它进口/国产：国产分类：功能饮料碳酸饮料分类：其它茶饮料系列：其它'),(131,'格瓦斯','D:\\Users\\zxkj\\Pictures\\shoppingimges\\151532088997494.jpg','饮料',500,26.9,'品牌：秋林格瓦斯商品名称：秋林格瓦斯350ml*12商品编号：1768570商品毛重：4.695kg商品产地：黑龙江哈尔滨功能饮料：其它包装件数：7-12果汁成分含量：其它适用场景：餐桌，送礼，熬夜/加班，运动，亲子，出游，其它是否含糖：含糖单件容量：251mL-600mL包装：家庭装口味：其它进口/国产：国产分类：碳酸饮料碳酸饮料分类：其它茶饮料系列：其它'),(132,'战神730山地自行车','D:\\Users\\zxkj\\Pictures\\shoppingimges\\21532089569025.jpg','自行车',195,3698,'品牌：美利達（MERIDA）商品名称：美利達（MERIDA）战神730山地自行车平四野银灰/丽黑27.5*17商品编号：18167969587店铺：美利达官方旗舰店商品毛重：13.5kg产品定位：日常通勤花鼓类型：2培林车架材质：铝合金车架类型：硬车架前叉类型：气压前叉车把类型：直把变速档位：30速制动系统：双油碟刹轮组尺寸：27.5英寸车架尺寸：其它适用人群：通用重量：10-15kg'),(133,'凤凰山地车','D:\\Users\\zxkj\\Pictures\\shoppingimges\\31532089590258.jpg','自行车',98,569,'品牌：凤凰（Phoenix）商品名称：凤凰（Phoenix）凤凰自行车山地车21/24/27速26寸变速公路单车学生成人男女24速（26寸）黑红色-高配版商品编号：10463666708店铺：凤凰克兰佰瑞专卖店商品毛重：18.0kg商品产地：中国大陆货号：26095b车架材质：高碳钢产品定位：入门休闲花鼓类型：滚珠车架类型：硬车架轮组尺寸：26英寸前叉类型：弹簧叉(低档无阻尼)车把类型：直把变速档位：24速制动系统：双线碟刹车架尺寸：17寸价位：500-799适用人群：通用重量：10-15kg'),(134,'福美瑞山地自行车','D:\\Users\\zxkj\\Pictures\\shoppingimges\\41532089618273.jpg','自行车',199,338,'品牌：福美瑞商品名称：福美瑞山地自行车21/24/27速26寸双碟刹变速减震男女学生单车公路死飞车黑红-高配21速商品编号：11027316732店铺：伟森骑行运动专营店商品毛重：15.0kg商品产地：中国大陆货号：雷娜斯001车架材质：高碳钢产品定位：日常通勤花鼓类型：其它车架类型：硬车架轮组尺寸：26英寸前叉类型：其它车把类型：直把变速档位：21速制动系统：双线碟刹车架尺寸：17寸价位：500以下适用人群：通用重量：16-20KG'),(135,'永久自行车','D:\\Users\\zxkj\\Pictures\\shoppingimges\\51532089632198.jpg','自行车',200,569,'品牌：永久（FOREVER）商品名称：永久（FOREVER）27速/30速自行车山地车27.5寸铝合金/公路车成人单车A9乐途高配27速高配黑红色27.5寸商品编号：1246098898店铺：永久旗舰店商品毛重：19.0kg货号：A9-1车架材质：铝合金产品定位：业余进阶花鼓类型：2培林车架类型：其它轮组尺寸：其它前叉类型：其它车把类型：直把变速档位：27速制动系统：双线碟刹车架尺寸：其它价位：800-1299适用人群：通用重量：16-20KG'),(136,'凤声自行车','D:\\Users\\zxkj\\Pictures\\shoppingimges\\61532089659995.jpg','自行车',500,458,'品牌：凤声（FS）商品名称：凤声（FS）自行车山地21/24/27/30速24/26寸双碟刹变速减震男女学生单车21速黑红26寸商品编号：28634273026店铺：维学户外专营店商品毛重：17.0kg商品产地：中国大陆货号：01车架材质：高碳钢产品定位：日常通勤花鼓类型：2培林车架类型：硬车架轮组尺寸：26英寸前叉类型：弹簧叉(低档无阻尼)车把类型：直把变速档位：30速制动系统：双线碟刹车架尺寸：17.5寸价位：500以下适用人群：通用重量：16-20KG'),(137,'超越山地自行车','D:\\Users\\zxkj\\Pictures\\shoppingimges\\71532089688263.jpg','自行车',99,2698,'品牌：美利達（MERIDA）商品名称：美利達（MERIDA）超越V山地自行车HFS车架27速气压前叉冠军梦涂装哈平一白/平丽一黑27.5*17商品编号：13924255602店铺：美利达官方旗舰店商品毛重：14.0kg商品产地：中国大陆货号：680D018车架材质：铝合金产品定位：日常通勤花鼓类型：其它车架类型：硬车架轮组尺寸：其它前叉类型：气压前叉车把类型：直把变速档位：27速制动系统：双油碟刹车架尺寸：其它价位：2500-2999适用人群：通用重量：10-15kg'),(138,'高变速铝合金山地自行车','D:\\Users\\zxkj\\Pictures\\shoppingimges\\81532089715977.jpg','自行车',200,328,'品牌：铠美尔商品名称：铠美尔高变速铝合金/高碳钢山地自行车30速/21速双碟刹自行车男女公路变速单车【建议身高155-180cm】凤翔26寸白蓝顶配21速A7神凰顶配商品编号：10113700983店铺：明翔骑行专营店商品毛重：17.0kg商品产地：中国大陆货号：sd0012车架材质：铝合金产品定位：日常通勤花鼓类型：滚珠车架类型：硬车架轮组尺寸：26英寸前叉类型：其它车把类型：直把变速档位：30速制动系统：双线碟刹车架尺寸：16寸价位：500以下适用人群：通用重量：16-20KG'),(139,'27速铝合金山地车','D:\\Users\\zxkj\\Pictures\\shoppingimges\\91532089743230.jpg','自行车',100,969,'品牌：凤凰（Phenix）商品名称：凤凰AG8.6商品编号：5901445商品毛重：19.0kg商品产地：中国天津货号：AG8.6车架材质：铝合金产品定位：入门休闲花鼓类型：其它车架类型：硬车架轮组尺寸：26英寸前叉类型：弹簧叉(低档无阻尼)车把类型：直把变速档位：27速制动系统：双线碟刹车架尺寸：15寸价位：800-1299适用人群：通用重量：10-15kg'),(140,'比派奇山地自行车','D:\\Users\\zxkj\\Pictures\\shoppingimges\\101532089769595.jpg','自行车',300,338,'品牌：比派骑商品名称：比派骑山地自行车26寸男女学生21/24/27速双碟刹禧玛诺变速一体轮单车公路越野死飞公路车黑骑士辐条轮21速高配商品编号：11122879083店铺：比派骑旗舰店商品毛重：15.0kg货号：全色车架材质：高碳钢产品定位：日常通勤花鼓类型：滚珠车架类型：硬车架轮组尺寸：26英寸前叉类型：气压前叉车把类型：直把变速档位：21速制动系统：双线碟刹车架尺寸：17寸价位：500-799适用人群：通用重量：16-20KG'),(141,'冈田丸子山地自行车','D:\\Users\\zxkj\\Pictures\\shoppingimges\\111532089791564.jpg','自行车',400,338,'品牌：冈田王子商品名称：冈田王子山地自行车21/24/27速26寸双碟刹变速减震男女学生公路单车21速高配黑红商品编号：26140264201店铺：希迪斯运动户外专营店商品毛重：17.0kg货号：001车架材质：高碳钢产品定位：日常通勤花鼓类型：滚珠车架类型：硬车架轮组尺寸：26英寸前叉类型：油簧叉(弹簧回弹/震油阻尼)车把类型：直把变速档位：27速制动系统：双线碟刹车架尺寸：17寸价位：500-799适用人群：通用重量：16-20KG'),(142,'纳客迪斯折叠车','D:\\Users\\zxkj\\Pictures\\shoppingimges\\121532089809251.jpg','自行车',200,838,'品牌：纳克迪斯（Nakedis）商品名称：纳克迪斯（Nakedis）纳克迪斯折叠自行车20/22寸变速折叠车超轻铝合金车架双碟刹22寸黑红色/【NK999】十刀一体轮商品编号：11151378640店铺：纳克迪斯旗舰店商品毛重：12.0kg货号：NK999铝合金重量：10-15kg轮组尺寸：20英寸前叉类型：无避震硬叉车把类型：直把变速档位：7速制动系统：前后线碟刹适用人群：通用价位：500-999车架类型：硬车架车架材质：铝合金'),(143,'雄狮610山地自行车','D:\\Users\\zxkj\\Pictures\\shoppingimges\\131532089829164.jpg','自行车',100,1398,'品牌：美利達（MERIDA）商品名称：美利達（MERIDA）雄狮610山地自行车21S碟刹培林花鼓丽黑26*17商品编号：26220708611店铺：美利达官方旗舰店商品毛重：15.0kg货号：111111车架材质：铝合金产品定位：日常通勤花鼓类型：2培林车架类型：硬车架轮组尺寸：26英寸前叉类型：弹簧叉(低档无阻尼)车把类型：直把变速档位：21速制动系统：双线碟刹车架尺寸：其它价位：1300-1999适用人群：通用重量：10-15kg'),(144,'永久山地自行车','D:\\Users\\zxkj\\Pictures\\shoppingimges\\141532089849209.jpg','自行车',500,798,'品牌：永久（FOREVER）商品名称：永久（FOREVER）27速/30速自行车山地车27.5寸铝合金/公路车成人单车A9乐途高配27速高配黑红色27.5寸商品编号：1246098898店铺：永久旗舰店商品毛重：19.0kg货号：A9-1车架材质：铝合金产品定位：业余进阶花鼓类型：2培林车架类型：其它轮组尺寸：其它前叉类型：其它车把类型：直把变速档位：27速制动系统：双线碟刹车架尺寸：其它价位：800-1299适用人群：通用重量：16-20KG'),(145,'传神山地车21速','D:\\Users\\zxkj\\Pictures\\shoppingimges\\151532089876192.jpg','自行车',100,238,'品牌：传神商品名称：传神山地车自行车21速(变速)男女学生成人越野单车白蓝色6速升级版商品编号：10074486464店铺：传神户外旗舰店商品毛重：19.0kg货号：传神33车架材质：其它产品定位：业余进阶花鼓类型：2培林车架类型：其它轮组尺寸：26英寸前叉类型：其它车把类型：直把变速档位：21速制动系统：双线碟刹车架尺寸：其它价位：500以下适用人群：通用重量：16-20KG'),(146,'丝塔芙置润保湿霜','D:\\Users\\zxkj\\Pictures\\shoppingimges\\11532089939378.jpg','化妆品',100,188,'品牌：丝塔芙（Cetaphil）商品名称：丝塔芙保湿霜商品编号：2747688商品毛重：0.64kg商品产地：加拿大适合肤质：任何肤质功效：补水，保湿，舒缓镇静，细致毛孔国产/进口：进口净含量：200g/mL以上分类：面霜适用人群：成人产品产地：欧美'),(147,'丝塔芙保湿润肤乳','D:\\Users\\zxkj\\Pictures\\shoppingimges\\21532089958887.jpg','化妆品',100,69,'品牌：丝塔芙（Cetaphil）商品名称：丝塔芙润肤乳商品编号：423645商品毛重：140.00g商品产地：加拿大适合肤质：任何肤质功效：补水，保湿，滋润国产/进口：进口净含量：101g/mL-200g/mL分类：面霜适用人群：成人产品产地：欧美'),(148,'苏秘水漾清润礼盒','D:\\Users\\zxkj\\Pictures\\shoppingimges\\31532090012548.jpg','化妆品',100,880,'品牌：苏秘37°（Su:m37°）商品名称：苏秘37°套装商品编号：4007721商品毛重：1.37kg商品产地：韩国适合肤质：所有肤质功效：补水，保湿，细致毛孔，其它国产/进口：进口分类：礼盒装适用人群：成人产品产地：韩国'),(149,'苏秘呼吸时光机礼盒','D:\\Users\\zxkj\\Pictures\\shoppingimges\\41532090059092.jpg','化妆品',400,468,'品牌：苏秘37°（Su:m37°）商品名称：【国内专柜】苏秘sum37度时光肌底系列礼盒9件套（462ml）补水保湿呼吸套商品编号：25779570749店铺：纪琰美妆个护专营店商品毛重：1.482kg适合肤质：所有肤质适用性别：女产品产地：韩国分类：礼品套装功效：补水，保湿，细致毛孔，深层'),(150,'雅诗兰黛护肤化妆品','D:\\Users\\zxkj\\Pictures\\shoppingimges\\51532090078724.jpg','化妆品',199,880,'品牌：雅诗兰黛（ESTEELAUDER）商品名称：雅诗兰黛（ESTEELAUDER）红石榴鲜养焕亮女士护肤化妆品套装正装水+洁面+日霜+眼霜+精华+粉底商品编号：29038532795店铺：至乘美妆专营店商品毛重：100.00g适合肤质：所有肤质功效：补水，保湿，深层清洁，控油平衡，细致毛孔，舒缓镇静，提拉紧致，其它国产/进口：进口分类：组合装适用人群：成人产品产地：欧美'),(151,'丝塔芙化妆品套装','D:\\Users\\zxkj\\Pictures\\shoppingimges\\61532090095869.jpg','化妆品',100,99,'品牌：丝塔芙（Cetaphil）商品名称：丝塔芙护肤套装商品编号：1540961商品毛重：300.00g商品产地：加拿大适合肤质：所有肤质功效：补水，保湿，细致毛孔，舒缓镇静国产/进口：进口分类：组合装适用人群：成人产品产地：欧美'),(152,'温碧泉护肤礼盒','D:\\Users\\zxkj\\Pictures\\shoppingimges\\71532090125681.jpg','化妆品',200,79,'品牌：温碧泉（WETHERM）商品名称：温碧泉长效保湿商品编号：549027商品毛重：0.961kg商品产地：广东广州货号：B147适合肤质：干性，中性，油性，混合性功效：补水，保湿，深层清洁，其它国产/进口：进口分类：礼盒装适用人群：成人产品产地：中国大陆'),(153,'雅诗兰黛精华液','D:\\Users\\zxkj\\Pictures\\shoppingimges\\81532090143759.jpg','化妆品',500,575,'品牌：雅诗兰黛（EsteeLauder）商品名称：雅诗兰黛精华露商品编号：927622商品毛重：160.00g商品产地：英国适合肤质：任何肤质功效：补水，保湿净含量：31g/mL-50g/mL国产/进口：进口适用人群：成人产品产地：欧美'),(157,'法国兰蔻化妆品组合','D:\\Users\\zxkj\\Pictures\\shoppingimges\\91532090177582.jpg','化妆品',100,918,'商品名称：LANCOME法国兰蔻套装女士补水保湿化妆品组合水分缘粉水400ml+乳液100ml+面霜50ml商品编号：1988766287店铺：淘美优品海外专营店商品毛重：500.00g商品产地：法国适合肤质：所有肤质功效：补水，保湿，细致毛孔国产/进口：进口分类：组合装适用人群：成人产品产地：欧美'),(158,'雪花秀水乳套盒','D:\\Users\\zxkj\\Pictures\\shoppingimges\\101532090202513.jpg','化妆品',100,89,'商品名称：Sulwhasoo雪花秀韩国女化妆品套装补水滋盈/滋莹水乳套盒生日礼物护肤品礼盒滋阴水乳中样5件套商品编号：28378775555店铺：AUTRISE海外旗舰店商品毛重：1.0kg商品产地：韩国货号：雪花秀适合肤质：所有肤质功效：补水，保湿，提拉紧致国产/进口：进口分类：其它适用人群：成人产品产地：韩国'),(162,'兰蔻套装化妆品','D:\\Users\\zxkj\\Pictures\\shoppingimges\\12-11532090671952.jpg','化妆品',100,1575,'品牌：兰蔻（LANCOME）商品名称：Lancome兰蔻套装/水份缘女士舒缓补水保湿面部护肤化妆品套装（洁面/水/精华/日霜）5件套（水+精华+日霜+晚霜+眼霜）商品编号：16378772941店铺：香香护肤商品毛重：200.00g适合肤质：所有肤质功效：补水，保湿，深层清洁，其它国产/进口：进口分类：组合装适用人群：成人产品产地：欧美'),(163,'妮维雅润肤霜','D:\\Users\\zxkj\\Pictures\\shoppingimges\\13-11532090703173.jpg','化妆品',500,59,'品牌：妮维雅（NIVEA）商品名称：妮维雅小蓝罐商品编号：1934319商品毛重：150.00g商品产地：德国适合肤质：任何肤质功效：补水，保湿国产/进口：进口净含量：101g/mL-200g/mL分类：面霜适用人群：成人产品产地：欧美'),(164,'科颜氏高保湿霜','D:\\Users\\zxkj\\Pictures\\shoppingimges\\14-11532090724370.jpg','化妆品',100,400,'品牌：科颜氏（Kiehl\'s）商品名称：科颜氏高保湿面霜50ml商品编号：287403商品毛重：110.00g商品产地：美国适合肤质：任何肤质功效：保湿国产/进口：进口净含量：31g/mL-50g/mL分类：面霜适用人群：成人产品产地：欧美'),(165,'兰蔻女士护肤化妆品套装','D:\\Users\\zxkj\\Pictures\\shoppingimges\\151532090749425.jpg','化妆品',100,1180,'品牌：兰蔻（lancome）商品名称：兰蔻（LANCOME）女士护肤化妆品套装5件（精华50ML+眼霜+精华*2+洁面）商品编号：28196875524店铺：至乘美妆专营店商品毛重：500.00g适合肤质：所有肤质功效：深层清洁，控油平衡，细致毛孔，提拉紧致国产/进口：进口分类：组合装适用人群：成人产品产地：欧美');

/*Table structure for table `ordering` */

DROP TABLE IF EXISTS `ordering`;

CREATE TABLE `ordering` (
  `dd_id` int(11) NOT NULL AUTO_INCREMENT,
  `dd_date` datetime DEFAULT NULL COMMENT '创建时间',
  `dd_money` double DEFAULT NULL,
  `login_id` varchar(20) DEFAULT NULL,
  PRIMARY KEY (`dd_id`),
  KEY `FK_orders` (`login_id`)
) ENGINE=InnoDB AUTO_INCREMENT=84 DEFAULT CHARSET=utf8;

/*Data for the table `ordering` */

insert  into `ordering`(`dd_id`,`dd_date`,`dd_money`,`login_id`) values (1,'1998-00-00 00:00:00',1000,'13389756649'),(8,'2018-07-23 17:54:48',619,'13389756649'),(9,'2018-07-23 18:14:55',798.7,'13389756649'),(10,'2018-07-23 20:07:52',239.6,'13389756649'),(11,'2018-07-23 20:10:41',179.7,'13389756649'),(12,'2018-07-24 10:39:04',579.8,'13389756649'),(13,'2018-07-24 14:23:00',179.7,'13389756649'),(14,'2018-07-24 15:28:38',293.5,'13389756649'),(15,'2018-07-24 18:20:36',740.8,'13512341230'),(16,'2018-07-24 18:50:44',571.8,'13512341230'),(17,'2018-07-24 20:10:37',25924,'13512341230'),(18,'2018-07-25 09:39:23',119.8,'18846568989'),(22,'2018-07-25 10:28:06',3146.9,'15677823365'),(23,'2018-07-25 10:28:50',2399,'15677823365'),(24,'2018-07-25 10:29:32',4288,'15677823365'),(25,'2018-07-25 10:30:41',5267,'13512341230'),(26,'2018-07-25 10:31:17',6699,'13512341230'),(27,'2018-07-25 10:38:09',3698,'12345678910'),(28,'2018-07-25 10:49:01',20097,'13512341230'),(30,'2018-07-25 15:57:26',3698,'15677823365'),(31,'2018-07-25 16:00:58',56.9,'15677823365'),(34,'2018-07-26 20:34:04',2458.9,'13512341230'),(36,'2018-07-27 00:14:54',1918.9,'18812345678'),(37,'2018-07-27 00:30:58',880,'18812345678'),(38,'2018-07-27 00:47:35',2698,'13712345678'),(39,'2018-07-27 10:37:56',4798,'15712345678'),(42,'2019-01-01 19:37:54',7955,'18846079850'),(43,'2019-01-01 19:39:25',46371,'18846079850'),(44,'2019-01-02 12:09:40',22828,'18846079850'),(45,'2019-01-02 12:11:17',22828,'18846079850'),(46,'2019-01-02 12:13:40',22828,'18846079850'),(47,'2019-01-02 12:19:59',496.6,'18846079850'),(48,'2019-01-02 12:22:16',139,'18846079850'),(49,'2019-01-02 12:23:53',139,'18846079850'),(50,'2019-01-02 12:24:54',4499,'18846079850'),(51,'2019-01-02 12:26:03',139,'18846079850'),(52,'2019-01-02 12:30:01',278,'18846079850'),(53,'2019-01-02 12:35:16',9980,'18846079850'),(61,'2019-01-02 14:43:15',17569,'18846079850'),(62,'2019-01-02 14:46:08',12046.7,'18846079850'),(63,'2019-01-02 14:47:51',3599,'18846079850'),(64,'2019-01-02 14:48:38',3698,'18846079850'),(65,'2019-01-02 14:50:48',139,'18846079850'),(66,'2019-01-02 14:52:11',4499,'18846079850'),(67,'2019-01-02 14:53:16',56.9,'18846079850'),(68,'2019-01-02 14:55:55',159,'18846079850'),(69,'2019-01-02 14:56:30',139,'18846079850'),(70,'2019-01-02 15:15:14',22495,'18846079850'),(71,'2019-01-03 21:51:57',4807,'18846079850'),(72,'2019-01-03 22:25:18',0,'undefined'),(73,'2019-01-03 22:25:19',0,'undefined'),(74,'2019-01-04 00:08:58',33495,'13389756648'),(75,'2019-01-04 00:09:35',11987,'13389756648'),(76,'2019-01-04 00:10:25',17.91,'13389756648'),(77,'2019-01-04 00:11:31',7.92,'13389756648'),(78,'2019-01-05 13:04:10',119,'18846079850'),(79,'2019-01-05 13:17:36',4288,'18846079850'),(80,'2019-03-26 19:20:53',6699,'13845612356'),(81,'2019-03-26 19:23:00',5826.7,'13845612356'),(82,'2019-03-27 15:33:54',7286.5,'19917629713'),(83,'2019-03-27 15:36:59',3599,'19917629713');

/*Table structure for table `pictures` */

DROP TABLE IF EXISTS `pictures`;

CREATE TABLE `pictures` (
  `pid` int(11) NOT NULL AUTO_INCREMENT,
  `gid` int(11) NOT NULL,
  `ppicture` varchar(500) DEFAULT NULL,
  PRIMARY KEY (`pid`)
) ENGINE=InnoDB AUTO_INCREMENT=715 DEFAULT CHARSET=utf8;

/*Data for the table `pictures` */

insert  into `pictures`(`pid`,`gid`,`ppicture`) values (37,1,'D:\\Users\\zxkj\\Pictures\\shoppingimges\\1-11532317424480.jpg'),(38,1,'D:\\Users\\zxkj\\Pictures\\shoppingimges\\1-21532317445574.jpg'),(39,1,'D:\\Users\\zxkj\\Pictures\\shoppingimges\\1-31532317455305.jpg'),(40,1,'D:\\Users\\zxkj\\Pictures\\shoppingimges\\1-41532317461927.jpg'),(41,2,'D:\\Users\\zxkj\\Pictures\\shoppingimges\\2-11532317471336.jpg'),(42,2,'D:\\Users\\zxkj\\Pictures\\shoppingimges\\2-21532317479821.jpg'),(43,2,'D:\\Users\\zxkj\\Pictures\\shoppingimges\\2-31532317504871.jpg'),(44,2,'D:\\Users\\zxkj\\Pictures\\shoppingimges\\2-41532317545555.jpg'),(45,3,'D:\\Users\\zxkj\\Pictures\\shoppingimges\\3-11532317553456.jpg'),(46,3,'D:\\Users\\zxkj\\Pictures\\shoppingimges\\3-21532317658606.jpg'),(47,3,'D:\\Users\\zxkj\\Pictures\\shoppingimges\\3-31532317669342.jpg'),(48,3,'D:\\Users\\zxkj\\Pictures\\shoppingimges\\3-41532317690239.jpg'),(49,5,'D:\\Users\\zxkj\\Pictures\\shoppingimges\\5-11532317725366.jpg'),(50,5,'D:\\Users\\zxkj\\Pictures\\shoppingimges\\5-21532317734373.jpg'),(51,5,'D:\\Users\\zxkj\\Pictures\\shoppingimges\\5-31532317743084.jpg'),(52,5,'D:\\Users\\zxkj\\Pictures\\shoppingimges\\5-41532317750712.jpg'),(53,6,'D:\\Users\\zxkj\\Pictures\\shoppingimges\\4-11532317761344.jpg'),(54,6,'D:\\Users\\zxkj\\Pictures\\shoppingimges\\4-21532317771257.jpg'),(55,6,'D:\\Users\\zxkj\\Pictures\\shoppingimges\\4-31532317780851.jpg'),(56,6,'D:\\Users\\zxkj\\Pictures\\shoppingimges\\4-41532317789918.jpg'),(57,7,'D:\\Users\\zxkj\\Pictures\\shoppingimges\\6-11532317801913.jpg'),(58,7,'D:\\Users\\zxkj\\Pictures\\shoppingimges\\6-21532317812158.jpg'),(60,7,'D:\\Users\\zxkj\\Pictures\\shoppingimges\\6-31532317885954.jpg'),(61,7,'D:\\Users\\zxkj\\Pictures\\shoppingimges\\6-41532318321300.jpg'),(62,8,'D:\\Users\\zxkj\\Pictures\\shoppingimges\\7-11532318333319.jpg'),(63,8,'D:\\Users\\zxkj\\Pictures\\shoppingimges\\7-21532318344516.jpg'),(64,8,'D:\\Users\\zxkj\\Pictures\\shoppingimges\\7-31532318355247.jpg'),(65,8,'D:\\Users\\zxkj\\Pictures\\shoppingimges\\7-41532318380078.jpg'),(66,9,'D:\\Users\\zxkj\\Pictures\\shoppingimges\\8-11532318396409.jpg'),(67,9,'D:\\Users\\zxkj\\Pictures\\shoppingimges\\8-21532318409323.jpg'),(68,9,'D:\\Users\\zxkj\\Pictures\\shoppingimges\\8-31532318427192.jpg'),(69,9,'D:\\Users\\zxkj\\Pictures\\shoppingimges\\8-41532318470467.jpg'),(70,10,'D:\\Users\\zxkj\\Pictures\\shoppingimges\\9-11532318483324.jpg'),(71,10,'D:\\Users\\zxkj\\Pictures\\shoppingimges\\9-21532318493418.jpg'),(72,10,'D:\\Users\\zxkj\\Pictures\\shoppingimges\\9-31532318504579.jpg'),(73,10,'D:\\Users\\zxkj\\Pictures\\shoppingimges\\9-41532318515373.jpg'),(74,11,'D:\\Users\\zxkj\\Pictures\\shoppingimges\\10-11532318528319.jpg'),(75,11,'D:\\Users\\zxkj\\Pictures\\shoppingimges\\10-21532318539967.jpg'),(76,11,'D:\\Users\\zxkj\\Pictures\\shoppingimges\\10-31532318549527.jpg'),(77,11,'D:\\Users\\zxkj\\Pictures\\shoppingimges\\10-41532318590738.jpg'),(78,12,'D:\\Users\\zxkj\\Pictures\\shoppingimges\\11-11532318604902.jpg'),(79,12,'D:\\Users\\zxkj\\Pictures\\shoppingimges\\11-21532318629579.jpg'),(80,12,'D:\\Users\\zxkj\\Pictures\\shoppingimges\\11-31532318642059.jpg'),(81,12,'D:\\Users\\zxkj\\Pictures\\shoppingimges\\11-41532318652265.jpg'),(82,13,'D:\\Users\\zxkj\\Pictures\\shoppingimges\\12-11532318689942.jpg'),(83,13,'D:\\Users\\zxkj\\Pictures\\shoppingimges\\12-21532318703132.jpg'),(84,13,'D:\\Users\\zxkj\\Pictures\\shoppingimges\\12-31532318719002.jpg'),(85,13,'D:\\Users\\zxkj\\Pictures\\shoppingimges\\12-41532318740810.jpg'),(86,14,'D:\\Users\\zxkj\\Pictures\\shoppingimges\\13-11532318754782.jpg'),(87,14,'D:\\Users\\zxkj\\Pictures\\shoppingimges\\13-21532318764713.jpg'),(88,14,'D:\\Users\\zxkj\\Pictures\\shoppingimges\\13-31532318775717.jpg'),(89,14,'D:\\Users\\zxkj\\Pictures\\shoppingimges\\13-41532318792296.jpg'),(90,15,'D:\\Users\\zxkj\\Pictures\\shoppingimges\\14-11532318810835.jpg'),(91,15,'D:\\Users\\zxkj\\Pictures\\shoppingimges\\14-21532318823509.jpg'),(92,15,'D:\\Users\\zxkj\\Pictures\\shoppingimges\\14-31532318835330.jpg'),(93,15,'D:\\Users\\zxkj\\Pictures\\shoppingimges\\14-41532318860092.jpg'),(94,16,'D:\\Users\\zxkj\\Pictures\\shoppingimges\\15-11532318875372.jpg'),(95,16,'D:\\Users\\zxkj\\Pictures\\shoppingimges\\15-21532318893627.jpg'),(96,16,'D:\\Users\\zxkj\\Pictures\\shoppingimges\\15-31532318905874.jpg'),(97,16,'D:\\Users\\zxkj\\Pictures\\shoppingimges\\15-41532318918429.jpg'),(98,17,'D:\\Users\\zxkj\\Pictures\\shoppingimges\\16-11532318932413.jpg'),(99,17,'D:\\Users\\zxkj\\Pictures\\shoppingimges\\16-21532318973031.jpg'),(100,17,'D:\\Users\\zxkj\\Pictures\\shoppingimges\\16-31532318985547.jpg'),(101,17,'D:\\Users\\zxkj\\Pictures\\shoppingimges\\16-41532319001867.jpg'),(102,18,'D:\\Users\\zxkj\\Pictures\\shoppingimges\\19-11532319054420.jpg'),(103,18,'D:\\Users\\zxkj\\Pictures\\shoppingimges\\19-21532319067086.jpg'),(104,18,'D:\\Users\\zxkj\\Pictures\\shoppingimges\\19-31532319084888.jpg'),(105,18,'D:\\Users\\zxkj\\Pictures\\shoppingimges\\19-41532319109975.jpg'),(106,19,'D:\\Users\\zxkj\\Pictures\\shoppingimges\\17-11532319134450.jpg'),(107,19,'D:\\Users\\zxkj\\Pictures\\shoppingimges\\17-21532319145622.jpg'),(109,19,'D:\\Users\\zxkj\\Pictures\\shoppingimges\\17-31532319225370.jpg'),(110,19,'D:\\Users\\zxkj\\Pictures\\shoppingimges\\17-41532319237974.jpg'),(111,20,'D:\\Users\\zxkj\\Pictures\\shoppingimges\\20-11532319300415.jpg'),(112,20,'D:\\Users\\zxkj\\Pictures\\shoppingimges\\20-21532319314566.jpg'),(113,20,'D:\\Users\\zxkj\\Pictures\\shoppingimges\\20-31532319325766.jpg'),(114,20,'D:\\Users\\zxkj\\Pictures\\shoppingimges\\20-41532319335180.jpg'),(115,21,'D:\\Users\\zxkj\\Pictures\\shoppingimges\\18-11532319349807.jpg'),(117,21,'D:\\Users\\zxkj\\Pictures\\shoppingimges\\18-31532319377349.jpg'),(119,21,'D:\\Users\\zxkj\\Pictures\\shoppingimges\\18-41532319402174.jpg'),(120,21,'D:\\Users\\zxkj\\Pictures\\shoppingimges\\18-21532319488294.jpg'),(121,22,'D:\\Users\\zxkj\\Pictures\\shoppingimges\\1-11532324697824.jpg'),(122,22,'D:\\Users\\zxkj\\Pictures\\shoppingimges\\1-21532324714297.jpg'),(123,22,'D:\\Users\\zxkj\\Pictures\\shoppingimges\\1-31532324725602.jpg'),(124,22,'D:\\Users\\zxkj\\Pictures\\shoppingimges\\1-41532324788970.jpg'),(125,23,'D:\\Users\\zxkj\\Pictures\\shoppingimges\\2-11532324804535.jpg'),(126,23,'D:\\Users\\zxkj\\Pictures\\shoppingimges\\2-21532324817346.jpg'),(127,23,'D:\\Users\\zxkj\\Pictures\\shoppingimges\\2-31532324838157.jpg'),(128,23,'D:\\Users\\zxkj\\Pictures\\shoppingimges\\2-41532324845023.jpg'),(129,24,'D:\\Users\\zxkj\\Pictures\\shoppingimges\\3-11532324856150.jpg'),(130,24,'D:\\Users\\zxkj\\Pictures\\shoppingimges\\3-21532324863468.jpg'),(131,24,'D:\\Users\\zxkj\\Pictures\\shoppingimges\\3-31532324871114.jpg'),(132,24,'D:\\Users\\zxkj\\Pictures\\shoppingimges\\3-41532324877408.jpg'),(133,25,'D:\\Users\\zxkj\\Pictures\\shoppingimges\\4-11532324919703.jpg'),(134,25,'D:\\Users\\zxkj\\Pictures\\shoppingimges\\4-21532324926698.jpg'),(135,25,'D:\\Users\\zxkj\\Pictures\\shoppingimges\\4-31532324933753.jpg'),(136,25,'D:\\Users\\zxkj\\Pictures\\shoppingimges\\4-41532324940981.jpg'),(137,26,'D:\\Users\\zxkj\\Pictures\\shoppingimges\\5-11532324953040.jpg'),(138,26,'D:\\Users\\zxkj\\Pictures\\shoppingimges\\5-21532325025227.jpg'),(139,26,'D:\\Users\\zxkj\\Pictures\\shoppingimges\\5-31532325033258.jpg'),(140,26,'D:\\Users\\zxkj\\Pictures\\shoppingimges\\5-41532325040329.jpg'),(141,27,'D:\\Users\\zxkj\\Pictures\\shoppingimges\\6-11532325103122.jpg'),(142,27,'D:\\Users\\zxkj\\Pictures\\shoppingimges\\6-21532325109886.jpg'),(143,27,'D:\\Users\\zxkj\\Pictures\\shoppingimges\\6-31532325116628.jpg'),(144,28,'D:\\Users\\zxkj\\Pictures\\shoppingimges\\7-11532325138287.jpg'),(145,28,'D:\\Users\\zxkj\\Pictures\\shoppingimges\\7-21532325148110.jpg'),(146,28,'D:\\Users\\zxkj\\Pictures\\shoppingimges\\7-31532325154012.jpg'),(147,28,'D:\\Users\\zxkj\\Pictures\\shoppingimges\\7-41532325160224.jpg'),(148,29,'D:\\Users\\zxkj\\Pictures\\shoppingimges\\8-11532325171866.jpg'),(149,29,'D:\\Users\\zxkj\\Pictures\\shoppingimges\\8-21532325177706.jpg'),(150,29,'D:\\Users\\zxkj\\Pictures\\shoppingimges\\8-31532325183206.jpg'),(151,29,'D:\\Users\\zxkj\\Pictures\\shoppingimges\\8-41532325188697.jpg'),(152,30,'D:\\Users\\zxkj\\Pictures\\shoppingimges\\9-11532325202840.jpg'),(153,30,'D:\\Users\\zxkj\\Pictures\\shoppingimges\\9-21532325210098.jpg'),(154,30,'D:\\Users\\zxkj\\Pictures\\shoppingimges\\9-31532325216509.jpg'),(155,30,'D:\\Users\\zxkj\\Pictures\\shoppingimges\\9-41532325222851.jpg'),(156,31,'D:\\Users\\zxkj\\Pictures\\shoppingimges\\10-11532325236493.jpg'),(157,31,'D:\\Users\\zxkj\\Pictures\\shoppingimges\\10-21532325244117.jpg'),(158,31,'D:\\Users\\zxkj\\Pictures\\shoppingimges\\10-31532325250195.jpg'),(159,31,'D:\\Users\\zxkj\\Pictures\\shoppingimges\\10-41532325256243.jpg'),(160,32,'D:\\Users\\zxkj\\Pictures\\shoppingimges\\11-11532325276932.jpg'),(161,32,'D:\\Users\\zxkj\\Pictures\\shoppingimges\\11-21532325283108.jpg'),(162,32,'D:\\Users\\zxkj\\Pictures\\shoppingimges\\11-31532325292208.jpg'),(163,32,'D:\\Users\\zxkj\\Pictures\\shoppingimges\\11-41532325303016.jpg'),(164,33,'D:\\Users\\zxkj\\Pictures\\shoppingimges\\12-11532325315095.jpg'),(165,33,'D:\\Users\\zxkj\\Pictures\\shoppingimges\\12-21532325320556.jpg'),(166,33,'D:\\Users\\zxkj\\Pictures\\shoppingimges\\12-31532325327451.jpg'),(167,33,'D:\\Users\\zxkj\\Pictures\\shoppingimges\\12-41532325337958.jpg'),(168,34,'D:\\Users\\zxkj\\Pictures\\shoppingimges\\13-11532325379890.jpg'),(169,34,'D:\\Users\\zxkj\\Pictures\\shoppingimges\\13-21532325386921.jpg'),(170,34,'D:\\Users\\zxkj\\Pictures\\shoppingimges\\13-31532325395280.jpg'),(171,34,'D:\\Users\\zxkj\\Pictures\\shoppingimges\\13-41532325401514.jpg'),(172,35,'D:\\Users\\zxkj\\Pictures\\shoppingimges\\14-11532325419017.jpg'),(173,35,'D:\\Users\\zxkj\\Pictures\\shoppingimges\\14-21532325425918.jpg'),(174,35,'D:\\Users\\zxkj\\Pictures\\shoppingimges\\14-31532325431988.jpg'),(175,35,'D:\\Users\\zxkj\\Pictures\\shoppingimges\\14-41532325439175.jpg'),(176,36,'D:\\Users\\zxkj\\Pictures\\shoppingimges\\15-11532325456466.jpg'),(177,36,'D:\\Users\\zxkj\\Pictures\\shoppingimges\\15-21532325465205.jpg'),(178,36,'D:\\Users\\zxkj\\Pictures\\shoppingimges\\15-31532325471924.jpg'),(179,36,'D:\\Users\\zxkj\\Pictures\\shoppingimges\\15-41532325478128.jpg'),(180,37,'D:\\Users\\zxkj\\Pictures\\shoppingimges\\16-11532325507812.jpg'),(181,37,'D:\\Users\\zxkj\\Pictures\\shoppingimges\\16-21532325516210.jpg'),(182,37,'D:\\Users\\zxkj\\Pictures\\shoppingimges\\16-31532325522622.jpg'),(183,37,'D:\\Users\\zxkj\\Pictures\\shoppingimges\\16-41532325530564.jpg'),(184,38,'D:\\Users\\zxkj\\Pictures\\shoppingimges\\17-11532325544462.jpg'),(185,38,'D:\\Users\\zxkj\\Pictures\\shoppingimges\\17-21532325549695.jpg'),(186,38,'D:\\Users\\zxkj\\Pictures\\shoppingimges\\17-31532325554774.jpg'),(187,38,'D:\\Users\\zxkj\\Pictures\\shoppingimges\\17-41532325560221.jpg'),(188,39,'D:\\Users\\zxkj\\Pictures\\shoppingimges\\18-11532325570000.jpg'),(189,39,'D:\\Users\\zxkj\\Pictures\\shoppingimges\\18-21532325574996.jpg'),(190,39,'D:\\Users\\zxkj\\Pictures\\shoppingimges\\18-31532325580127.jpg'),(191,39,'D:\\Users\\zxkj\\Pictures\\shoppingimges\\18-41532325585955.jpg'),(192,40,'D:\\Users\\zxkj\\Pictures\\shoppingimges\\19-11532325597999.jpg'),(193,40,'D:\\Users\\zxkj\\Pictures\\shoppingimges\\19-21532325612191.jpg'),(194,40,'D:\\Users\\zxkj\\Pictures\\shoppingimges\\19-31532325618494.jpg'),(195,40,'D:\\Users\\zxkj\\Pictures\\shoppingimges\\19-41532325624359.jpg'),(196,41,'D:\\Users\\zxkj\\Pictures\\shoppingimges\\20-11532325636971.jpg'),(197,41,'D:\\Users\\zxkj\\Pictures\\shoppingimges\\20-21532325642567.jpg'),(198,41,'D:\\Users\\zxkj\\Pictures\\shoppingimges\\20-31532325648095.jpg'),(199,41,'D:\\Users\\zxkj\\Pictures\\shoppingimges\\20-41532325652502.jpg'),(200,42,'D:\\Users\\zxkj\\Pictures\\shoppingimges\\1-11532325676113.jpg'),(201,42,'D:\\Users\\zxkj\\Pictures\\shoppingimges\\1-21532325679112.jpg'),(202,42,'D:\\Users\\zxkj\\Pictures\\shoppingimges\\1-31532325699015.jpg'),(203,42,'D:\\Users\\zxkj\\Pictures\\shoppingimges\\1-41532325703261.jpg'),(204,42,'D:\\Users\\zxkj\\Pictures\\shoppingimges\\1-41532325710345.jpg'),(205,43,'D:\\Users\\zxkj\\Pictures\\shoppingimges\\2-11532325733763.jpg'),(206,43,'D:\\Users\\zxkj\\Pictures\\shoppingimges\\2-21532325737712.jpg'),(207,43,'D:\\Users\\zxkj\\Pictures\\shoppingimges\\2-31532325741859.jpg'),(208,43,'D:\\Users\\zxkj\\Pictures\\shoppingimges\\2-41532325745966.jpg'),(209,44,'D:\\Users\\zxkj\\Pictures\\shoppingimges\\3-11532325755918.jpg'),(210,44,'D:\\Users\\zxkj\\Pictures\\shoppingimges\\3-21532325761015.jpg'),(211,44,'D:\\Users\\zxkj\\Pictures\\shoppingimges\\3-31532325767749.jpg'),(212,44,'D:\\Users\\zxkj\\Pictures\\shoppingimges\\3-41532325771513.jpg'),(213,45,'D:\\Users\\zxkj\\Pictures\\shoppingimges\\5-11532325922046.jpg'),(214,45,'D:\\Users\\zxkj\\Pictures\\shoppingimges\\5-21532325928337.jpg'),(215,45,'D:\\Users\\zxkj\\Pictures\\shoppingimges\\5-31532325934207.jpg'),(216,45,'D:\\Users\\zxkj\\Pictures\\shoppingimges\\5-41532325939197.jpg'),(217,46,'D:\\Users\\zxkj\\Pictures\\shoppingimges\\5-11532325952273.jpg'),(218,46,'D:\\Users\\zxkj\\Pictures\\shoppingimges\\5-21532327800239.jpg'),(221,46,'D:\\Users\\zxkj\\Pictures\\shoppingimges\\5-31532339768256.jpg'),(222,46,'D:\\Users\\zxkj\\Pictures\\shoppingimges\\5-41532339793147.jpg'),(223,47,'D:\\Users\\zxkj\\Pictures\\shoppingimges\\6-11532339818730.jpg'),(224,47,'D:\\Users\\zxkj\\Pictures\\shoppingimges\\6-21532339826318.jpg'),(225,47,'D:\\Users\\zxkj\\Pictures\\shoppingimges\\6-31532339833265.jpg'),(226,47,'D:\\Users\\zxkj\\Pictures\\shoppingimges\\6-41532339846040.jpg'),(227,48,'D:\\Users\\zxkj\\Pictures\\shoppingimges\\7-11532339861776.jpg'),(228,48,'D:\\Users\\zxkj\\Pictures\\shoppingimges\\7-21532339873406.jpg'),(229,48,'D:\\Users\\zxkj\\Pictures\\shoppingimges\\7-31532339881001.jpg'),(230,48,'D:\\Users\\zxkj\\Pictures\\shoppingimges\\7-41532339888103.jpg'),(231,49,'D:\\Users\\zxkj\\Pictures\\shoppingimges\\8-11532339901429.jpg'),(232,49,'D:\\Users\\zxkj\\Pictures\\shoppingimges\\8-21532339910944.jpg'),(233,49,'D:\\Users\\zxkj\\Pictures\\shoppingimges\\8-31532339918686.jpg'),(234,49,'D:\\Users\\zxkj\\Pictures\\shoppingimges\\8-41532339928186.jpg'),(235,50,'D:\\Users\\zxkj\\Pictures\\shoppingimges\\9-11532339961750.jpg'),(236,50,'D:\\Users\\zxkj\\Pictures\\shoppingimges\\9-21532339968124.jpg'),(237,50,'D:\\Users\\zxkj\\Pictures\\shoppingimges\\9-31532339975164.jpg'),(238,50,'D:\\Users\\zxkj\\Pictures\\shoppingimges\\9-41532339980082.jpg'),(239,51,'D:\\Users\\zxkj\\Pictures\\shoppingimges\\10-11532339990251.jpg'),(240,51,'D:\\Users\\zxkj\\Pictures\\shoppingimges\\10-21532339997596.jpg'),(241,51,'D:\\Users\\zxkj\\Pictures\\shoppingimges\\10-31532340004577.jpg'),(242,51,'D:\\Users\\zxkj\\Pictures\\shoppingimges\\10-41532340012534.jpg'),(243,52,'D:\\Users\\zxkj\\Pictures\\shoppingimges\\11-11532340040297.jpg'),(244,52,'D:\\Users\\zxkj\\Pictures\\shoppingimges\\11-11532340074966.jpg'),(245,52,'D:\\Users\\zxkj\\Pictures\\shoppingimges\\11-21532340084123.jpg'),(246,52,'D:\\Users\\zxkj\\Pictures\\shoppingimges\\11-31532340090743.jpg'),(247,52,'D:\\Users\\zxkj\\Pictures\\shoppingimges\\11-41532340097328.jpg'),(248,53,'D:\\Users\\zxkj\\Pictures\\shoppingimges\\12-11532340111466.jpg'),(249,53,'D:\\Users\\zxkj\\Pictures\\shoppingimges\\12-21532340117914.jpg'),(250,53,'D:\\Users\\zxkj\\Pictures\\shoppingimges\\12-31532340124759.jpg'),(251,53,'D:\\Users\\zxkj\\Pictures\\shoppingimges\\12-41532340129634.jpg'),(252,54,'D:\\Users\\zxkj\\Pictures\\shoppingimges\\13-11532340175279.jpg'),(253,54,'D:\\Users\\zxkj\\Pictures\\shoppingimges\\13-21532340181374.jpg'),(254,54,'D:\\Users\\zxkj\\Pictures\\shoppingimges\\13-31532340187647.jpg'),(255,54,'D:\\Users\\zxkj\\Pictures\\shoppingimges\\13-41532340194631.jpg'),(256,55,'D:\\Users\\zxkj\\Pictures\\shoppingimges\\14-11532340206273.jpg'),(257,55,'D:\\Users\\zxkj\\Pictures\\shoppingimges\\14-21532340214337.jpg'),(258,55,'D:\\Users\\zxkj\\Pictures\\shoppingimges\\14-31532340221184.jpg'),(259,55,'D:\\Users\\zxkj\\Pictures\\shoppingimges\\14-41532340230647.jpg'),(260,56,'D:\\Users\\zxkj\\Pictures\\shoppingimges\\15-11532340262350.jpg'),(261,56,'D:\\Users\\zxkj\\Pictures\\shoppingimges\\15-21532340271624.jpg'),(262,56,'D:\\Users\\zxkj\\Pictures\\shoppingimges\\15-31532340278296.jpg'),(263,56,'D:\\Users\\zxkj\\Pictures\\shoppingimges\\15-41532340286054.jpg'),(264,57,'D:\\Users\\zxkj\\Pictures\\shoppingimges\\16-11532340302716.jpg'),(265,57,'D:\\Users\\zxkj\\Pictures\\shoppingimges\\16-21532340309744.jpg'),(266,57,'D:\\Users\\zxkj\\Pictures\\shoppingimges\\16-31532340317144.jpg'),(267,57,'D:\\Users\\zxkj\\Pictures\\shoppingimges\\16-41532340323451.jpg'),(268,58,'D:\\Users\\zxkj\\Pictures\\shoppingimges\\17-11532340351933.jpg'),(269,58,'D:\\Users\\zxkj\\Pictures\\shoppingimges\\17-21532340361488.jpg'),(270,58,'D:\\Users\\zxkj\\Pictures\\shoppingimges\\17-31532340368038.jpg'),(271,58,'D:\\Users\\zxkj\\Pictures\\shoppingimges\\17-41532340375203.jpg'),(272,59,'D:\\Users\\zxkj\\Pictures\\shoppingimges\\18-11532340398972.jpg'),(273,59,'D:\\Users\\zxkj\\Pictures\\shoppingimges\\18-21532340405187.jpg'),(274,59,'D:\\Users\\zxkj\\Pictures\\shoppingimges\\18-31532340411806.jpg'),(275,59,'D:\\Users\\zxkj\\Pictures\\shoppingimges\\18-41532340419235.jpg'),(276,60,'D:\\Users\\zxkj\\Pictures\\shoppingimges\\19-11532340447571.jpg'),(277,60,'D:\\Users\\zxkj\\Pictures\\shoppingimges\\19-21532340455327.jpg'),(278,60,'D:\\Users\\zxkj\\Pictures\\shoppingimges\\19-31532340461115.jpg'),(279,60,'D:\\Users\\zxkj\\Pictures\\shoppingimges\\19-41532340467681.jpg'),(280,61,'D:\\Users\\zxkj\\Pictures\\shoppingimges\\20-11532340485000.jpg'),(281,61,'D:\\Users\\zxkj\\Pictures\\shoppingimges\\20-21532340490590.jpg'),(282,61,'D:\\Users\\zxkj\\Pictures\\shoppingimges\\20-31532340496195.jpg'),(283,61,'D:\\Users\\zxkj\\Pictures\\shoppingimges\\20-41532340504418.jpg'),(284,62,'D:\\Users\\zxkj\\Pictures\\shoppingimges\\1-11532340560548.jpg'),(285,62,'D:\\Users\\zxkj\\Pictures\\shoppingimges\\1-21532340572170.jpg'),(286,62,'D:\\Users\\zxkj\\Pictures\\shoppingimges\\1-31532340576833.jpg'),(287,62,'D:\\Users\\zxkj\\Pictures\\shoppingimges\\1-41532340580872.jpg'),(288,63,'D:\\Users\\zxkj\\Pictures\\shoppingimges\\2-11532340590140.jpg'),(289,63,'D:\\Users\\zxkj\\Pictures\\shoppingimges\\2-21532340594544.jpg'),(290,63,'D:\\Users\\zxkj\\Pictures\\shoppingimges\\2-31532340619955.jpg'),(291,63,'D:\\Users\\zxkj\\Pictures\\shoppingimges\\2-41532340625270.jpg'),(292,64,'D:\\Users\\zxkj\\Pictures\\shoppingimges\\3-11532340655676.jpg'),(293,64,'D:\\Users\\zxkj\\Pictures\\shoppingimges\\3-21532340660558.jpg'),(294,64,'D:\\Users\\zxkj\\Pictures\\shoppingimges\\3-31532340666491.jpg'),(295,64,'D:\\Users\\zxkj\\Pictures\\shoppingimges\\3-41532340670824.jpg'),(296,65,'D:\\Users\\zxkj\\Pictures\\shoppingimges\\4-11532340692293.png'),(297,65,'D:\\Users\\zxkj\\Pictures\\shoppingimges\\4-21532340696873.jpg'),(298,65,'D:\\Users\\zxkj\\Pictures\\shoppingimges\\4-31532340701291.jpg'),(299,65,'D:\\Users\\zxkj\\Pictures\\shoppingimges\\4-41532340705678.jpg'),(300,66,'D:\\Users\\zxkj\\Pictures\\shoppingimges\\5-11532340723477.jpg'),(301,66,'D:\\Users\\zxkj\\Pictures\\shoppingimges\\5-21532340727512.jpg'),(302,66,'D:\\Users\\zxkj\\Pictures\\shoppingimges\\5-31532340731307.jpg'),(303,66,'D:\\Users\\zxkj\\Pictures\\shoppingimges\\5-41532340735403.jpg'),(304,67,'D:\\Users\\zxkj\\Pictures\\shoppingimges\\6-11532340758593.jpg'),(305,67,'D:\\Users\\zxkj\\Pictures\\shoppingimges\\6-21532340765146.jpg'),(307,67,'D:\\Users\\zxkj\\Pictures\\shoppingimges\\6-31532340781299.jpg'),(308,67,'D:\\Users\\zxkj\\Pictures\\shoppingimges\\6-41532340787616.jpg'),(309,68,'D:\\Users\\zxkj\\Pictures\\shoppingimges\\7-11532340799643.jpg'),(310,68,'D:\\Users\\zxkj\\Pictures\\shoppingimges\\7-21532340805193.jpg'),(311,68,'D:\\Users\\zxkj\\Pictures\\shoppingimges\\7-31532340810222.jpg'),(312,68,'D:\\Users\\zxkj\\Pictures\\shoppingimges\\7-41532340814919.jpg'),(313,69,'D:\\Users\\zxkj\\Pictures\\shoppingimges\\8-11532340844814.jpg'),(314,69,'D:\\Users\\zxkj\\Pictures\\shoppingimges\\8-21532340850473.jpg'),(315,69,'D:\\Users\\zxkj\\Pictures\\shoppingimges\\8-31532340856423.jpg'),(316,69,'D:\\Users\\zxkj\\Pictures\\shoppingimges\\8-41532340861718.jpg'),(317,70,'D:\\Users\\zxkj\\Pictures\\shoppingimges\\9-11532340931083.jpg'),(318,70,'D:\\Users\\zxkj\\Pictures\\shoppingimges\\9-21532340936437.jpg'),(319,70,'D:\\Users\\zxkj\\Pictures\\shoppingimges\\9-31532340940833.jpg'),(320,70,'D:\\Users\\zxkj\\Pictures\\shoppingimges\\9-41532340946565.jpg'),(321,71,'D:\\Users\\zxkj\\Pictures\\shoppingimges\\10-11532340958636.jpg'),(322,71,'D:\\Users\\zxkj\\Pictures\\shoppingimges\\10-21532340964576.jpg'),(323,71,'D:\\Users\\zxkj\\Pictures\\shoppingimges\\10-31532340970924.jpg'),(324,71,'D:\\Users\\zxkj\\Pictures\\shoppingimges\\10-41532340976179.jpg'),(325,72,'D:\\Users\\zxkj\\Pictures\\shoppingimges\\11-11532341001423.jpg'),(326,72,'D:\\Users\\zxkj\\Pictures\\shoppingimges\\11-21532341007606.jpg'),(327,72,'D:\\Users\\zxkj\\Pictures\\shoppingimges\\11-31532341012399.jpg'),(328,72,'D:\\Users\\zxkj\\Pictures\\shoppingimges\\11-41532341018273.jpg'),(329,75,'D:\\Users\\zxkj\\Pictures\\shoppingimges\\1-11532341070383.jpg'),(330,75,'D:\\Users\\zxkj\\Pictures\\shoppingimges\\1-21532341074914.jpg'),(331,75,'D:\\Users\\zxkj\\Pictures\\shoppingimges\\1-31532341078696.jpg'),(332,75,'D:\\Users\\zxkj\\Pictures\\shoppingimges\\1-41532341082700.jpg'),(333,76,'D:\\Users\\zxkj\\Pictures\\shoppingimges\\2-11532341168582.jpg'),(334,76,'D:\\Users\\zxkj\\Pictures\\shoppingimges\\2-21532341173451.jpg'),(335,76,'D:\\Users\\zxkj\\Pictures\\shoppingimges\\2-31532341177698.jpg'),(336,76,'D:\\Users\\zxkj\\Pictures\\shoppingimges\\2-41532341181761.jpg'),(337,77,'D:\\Users\\zxkj\\Pictures\\shoppingimges\\3-11532341193144.jpg'),(338,77,'D:\\Users\\zxkj\\Pictures\\shoppingimges\\3-21532341197904.jpg'),(339,77,'D:\\Users\\zxkj\\Pictures\\shoppingimges\\3-31532341202201.jpg'),(340,77,'D:\\Users\\zxkj\\Pictures\\shoppingimges\\3-41532341205796.jpg'),(341,78,'D:\\Users\\zxkj\\Pictures\\shoppingimges\\4-11532341217539.jpg'),(342,78,'D:\\Users\\zxkj\\Pictures\\shoppingimges\\4-21532341222149.jpg'),(343,78,'D:\\Users\\zxkj\\Pictures\\shoppingimges\\4-31532341226013.jpg'),(344,78,'D:\\Users\\zxkj\\Pictures\\shoppingimges\\4-41532341230278.jpg'),(345,80,'D:\\Users\\zxkj\\Pictures\\shoppingimges\\5-11532341246653.jpg'),(346,80,'D:\\Users\\zxkj\\Pictures\\shoppingimges\\5-21532341251119.jpg'),(347,80,'D:\\Users\\zxkj\\Pictures\\shoppingimges\\5-31532341255161.jpg'),(348,80,'D:\\Users\\zxkj\\Pictures\\shoppingimges\\5-41532341258906.jpg'),(349,81,'D:\\Users\\zxkj\\Pictures\\shoppingimges\\6-11532341281200.jpg'),(350,81,'D:\\Users\\zxkj\\Pictures\\shoppingimges\\6-21532341287779.jpg'),(351,81,'D:\\Users\\zxkj\\Pictures\\shoppingimges\\6-31532341293741.jpg'),(352,81,'D:\\Users\\zxkj\\Pictures\\shoppingimges\\6-41532341299122.jpg'),(353,82,'D:\\Users\\zxkj\\Pictures\\shoppingimges\\7-11532341310218.jpg'),(354,82,'D:\\Users\\zxkj\\Pictures\\shoppingimges\\7-21532341315366.jpg'),(355,82,'D:\\Users\\zxkj\\Pictures\\shoppingimges\\7-31532341319960.jpg'),(356,82,'D:\\Users\\zxkj\\Pictures\\shoppingimges\\7-41532341325209.jpg'),(357,83,'D:\\Users\\zxkj\\Pictures\\shoppingimges\\8-11532341338187.jpg'),(358,83,'D:\\Users\\zxkj\\Pictures\\shoppingimges\\8-21532341343991.jpg'),(359,83,'D:\\Users\\zxkj\\Pictures\\shoppingimges\\8-31532341349036.jpg'),(360,83,'D:\\Users\\zxkj\\Pictures\\shoppingimges\\8-41532341353770.jpg'),(361,84,'D:\\Users\\zxkj\\Pictures\\shoppingimges\\9-11532341376291.jpg'),(362,84,'D:\\Users\\zxkj\\Pictures\\shoppingimges\\9-21532341382337.jpg'),(364,84,'D:\\Users\\zxkj\\Pictures\\shoppingimges\\9-31532341401649.jpg'),(365,84,'D:\\Users\\zxkj\\Pictures\\shoppingimges\\9-41532341407727.jpg'),(366,85,'D:\\Users\\zxkj\\Pictures\\shoppingimges\\10-11532341434981.jpg'),(367,85,'D:\\Users\\zxkj\\Pictures\\shoppingimges\\10-21532341440868.jpg'),(368,85,'D:\\Users\\zxkj\\Pictures\\shoppingimges\\10-31532341446878.jpg'),(369,85,'D:\\Users\\zxkj\\Pictures\\shoppingimges\\10-41532341453444.jpg'),(370,86,'D:\\Users\\zxkj\\Pictures\\shoppingimges\\11-11532341476396.jpg'),(371,86,'D:\\Users\\zxkj\\Pictures\\shoppingimges\\11-21532341481435.jpg'),(372,86,'D:\\Users\\zxkj\\Pictures\\shoppingimges\\11-31532341486887.jpg'),(373,86,'D:\\Users\\zxkj\\Pictures\\shoppingimges\\11-41532341492906.jpg'),(390,87,'D:\\Users\\zxkj\\Pictures\\shoppingimges\\1-11532341767180.jpg'),(391,87,'D:\\Users\\zxkj\\Pictures\\shoppingimges\\1-21532341771172.jpg'),(392,87,'D:\\Users\\zxkj\\Pictures\\shoppingimges\\1-31532341774548.jpg'),(393,87,'D:\\Users\\zxkj\\Pictures\\shoppingimges\\1-41532341778274.jpg'),(394,88,'D:\\Users\\zxkj\\Pictures\\shoppingimges\\2-11532341791697.jpg'),(395,88,'D:\\Users\\zxkj\\Pictures\\shoppingimges\\2-21532341795869.jpg'),(396,88,'D:\\Users\\zxkj\\Pictures\\shoppingimges\\2-31532341799866.jpg'),(397,88,'D:\\Users\\zxkj\\Pictures\\shoppingimges\\2-41532341803751.jpg'),(398,89,'D:\\Users\\zxkj\\Pictures\\shoppingimges\\3-11532341812193.jpg'),(399,89,'D:\\Users\\zxkj\\Pictures\\shoppingimges\\3-21532341816391.jpg'),(400,89,'D:\\Users\\zxkj\\Pictures\\shoppingimges\\3-31532341831591.jpg'),(401,89,'D:\\Users\\zxkj\\Pictures\\shoppingimges\\3-41532341835734.jpg'),(402,90,'D:\\Users\\zxkj\\Pictures\\shoppingimges\\4-11532341845075.jpg'),(403,90,'D:\\Users\\zxkj\\Pictures\\shoppingimges\\4-21532341850103.jpg'),(404,90,'D:\\Users\\zxkj\\Pictures\\shoppingimges\\4-31532341855016.jpg'),(405,90,'D:\\Users\\zxkj\\Pictures\\shoppingimges\\4-41532341859564.jpg'),(406,91,'D:\\Users\\zxkj\\Pictures\\shoppingimges\\5-11532341870582.jpg'),(407,91,'D:\\Users\\zxkj\\Pictures\\shoppingimges\\5-21532341876289.jpg'),(408,91,'D:\\Users\\zxkj\\Pictures\\shoppingimges\\5-31532341880056.jpg'),(409,91,'D:\\Users\\zxkj\\Pictures\\shoppingimges\\5-41532341884589.jpg'),(410,92,'D:\\Users\\zxkj\\Pictures\\shoppingimges\\6-11532341910859.jpg'),(411,92,'D:\\Users\\zxkj\\Pictures\\shoppingimges\\6-21532341916270.jpg'),(412,92,'D:\\Users\\zxkj\\Pictures\\shoppingimges\\6-31532341921454.jpg'),(413,92,'D:\\Users\\zxkj\\Pictures\\shoppingimges\\6-41532341928974.jpg'),(414,93,'D:\\Users\\zxkj\\Pictures\\shoppingimges\\7-11532341939843.jpg'),(415,93,'D:\\Users\\zxkj\\Pictures\\shoppingimges\\7-21532341944576.jpg'),(416,93,'D:\\Users\\zxkj\\Pictures\\shoppingimges\\7-31532341950417.jpg'),(417,93,'D:\\Users\\zxkj\\Pictures\\shoppingimges\\7-41532341955261.jpg'),(418,94,'D:\\Users\\zxkj\\Pictures\\shoppingimges\\8-11532341967150.jpg'),(419,94,'D:\\Users\\zxkj\\Pictures\\shoppingimges\\8-21532341973098.jpg'),(420,94,'D:\\Users\\zxkj\\Pictures\\shoppingimges\\8-31532341978672.jpg'),(421,94,'D:\\Users\\zxkj\\Pictures\\shoppingimges\\8-41532341984642.jpg'),(422,95,'D:\\Users\\zxkj\\Pictures\\shoppingimges\\9-11532342056367.jpg'),(423,95,'D:\\Users\\zxkj\\Pictures\\shoppingimges\\9-21532342064565.jpg'),(424,95,'D:\\Users\\zxkj\\Pictures\\shoppingimges\\9-31532342069896.jpg'),(425,95,'D:\\Users\\zxkj\\Pictures\\shoppingimges\\9-41532342075229.jpg'),(426,96,'D:\\Users\\zxkj\\Pictures\\shoppingimges\\10-11532342095310.jpg'),(427,96,'D:\\Users\\zxkj\\Pictures\\shoppingimges\\10-21532342099475.jpg'),(428,96,'D:\\Users\\zxkj\\Pictures\\shoppingimges\\10-31532342104167.jpg'),(429,96,'D:\\Users\\zxkj\\Pictures\\shoppingimges\\10-41532342109711.jpg'),(430,97,'D:\\Users\\zxkj\\Pictures\\shoppingimges\\11-11532342120132.jpg'),(431,97,'D:\\Users\\zxkj\\Pictures\\shoppingimges\\11-21532342126771.jpg'),(432,97,'D:\\Users\\zxkj\\Pictures\\shoppingimges\\11-31532342132900.jpg'),(433,97,'D:\\Users\\zxkj\\Pictures\\shoppingimges\\11-41532342137427.jpg'),(434,98,'D:\\Users\\zxkj\\Pictures\\shoppingimges\\12-11532342167319.jpg'),(435,98,'D:\\Users\\zxkj\\Pictures\\shoppingimges\\12-21532342174032.jpg'),(436,98,'D:\\Users\\zxkj\\Pictures\\shoppingimges\\12-31532342179015.jpg'),(437,98,'D:\\Users\\zxkj\\Pictures\\shoppingimges\\12-41532342185612.jpg'),(438,99,'D:\\Users\\zxkj\\Pictures\\shoppingimges\\13-11532342247535.jpg'),(439,99,'D:\\Users\\zxkj\\Pictures\\shoppingimges\\13-21532342252701.jpg'),(440,99,'D:\\Users\\zxkj\\Pictures\\shoppingimges\\13-31532342257955.jpg'),(441,99,'D:\\Users\\zxkj\\Pictures\\shoppingimges\\13-41532342266346.jpg'),(442,100,'D:\\Users\\zxkj\\Pictures\\shoppingimges\\14-11532342275759.jpg'),(443,100,'D:\\Users\\zxkj\\Pictures\\shoppingimges\\14-21532342281123.jpg'),(444,100,'D:\\Users\\zxkj\\Pictures\\shoppingimges\\14-31532342287578.jpg'),(445,100,'D:\\Users\\zxkj\\Pictures\\shoppingimges\\14-41532342292828.jpg'),(446,101,'D:\\Users\\zxkj\\Pictures\\shoppingimges\\15-11532342302322.jpg'),(447,101,'D:\\Users\\zxkj\\Pictures\\shoppingimges\\15-21532342307183.jpg'),(448,101,'D:\\Users\\zxkj\\Pictures\\shoppingimges\\15-31532342311722.jpg'),(449,101,'D:\\Users\\zxkj\\Pictures\\shoppingimges\\15-41532342315798.jpg'),(450,102,'D:\\Users\\zxkj\\Pictures\\shoppingimges\\1-11532342371427.jpg'),(451,102,'D:\\Users\\zxkj\\Pictures\\shoppingimges\\1-21532342375678.jpg'),(452,102,'D:\\Users\\zxkj\\Pictures\\shoppingimges\\1-31532342379115.jpg'),(453,102,'D:\\Users\\zxkj\\Pictures\\shoppingimges\\1-41532342382998.jpg'),(454,103,'D:\\Users\\zxkj\\Pictures\\shoppingimges\\2-11532342462123.jpg'),(455,103,'D:\\Users\\zxkj\\Pictures\\shoppingimges\\2-21532342466354.jpg'),(456,103,'D:\\Users\\zxkj\\Pictures\\shoppingimges\\2-31532342470943.jpg'),(457,103,'D:\\Users\\zxkj\\Pictures\\shoppingimges\\2-41532342474704.jpg'),(458,104,'D:\\Users\\zxkj\\Pictures\\shoppingimges\\3-11532342540786.jpg'),(459,104,'D:\\Users\\zxkj\\Pictures\\shoppingimges\\3-21532342545360.jpg'),(460,104,'D:\\Users\\zxkj\\Pictures\\shoppingimges\\3-31532342549369.jpg'),(461,104,'D:\\Users\\zxkj\\Pictures\\shoppingimges\\3-41532342553050.jpg'),(462,105,'D:\\Users\\zxkj\\Pictures\\shoppingimges\\4-11532342563510.jpg'),(463,105,'D:\\Users\\zxkj\\Pictures\\shoppingimges\\4-21532342567742.jpg'),(464,105,'D:\\Users\\zxkj\\Pictures\\shoppingimges\\4-31532342599650.jpg'),(465,105,'D:\\Users\\zxkj\\Pictures\\shoppingimges\\4-41532342604369.jpg'),(492,106,'D:\\Users\\zxkj\\Pictures\\shoppingimges\\5-11532343945879.jpg'),(493,106,'D:\\Users\\zxkj\\Pictures\\shoppingimges\\5-21532343952220.jpg'),(494,106,'D:\\Users\\zxkj\\Pictures\\shoppingimges\\5-31532343956690.jpg'),(495,106,'D:\\Users\\zxkj\\Pictures\\shoppingimges\\5-41532343961876.jpg'),(496,107,'D:\\Users\\zxkj\\Pictures\\shoppingimges\\6-11532343971216.jpg'),(497,107,'D:\\Users\\zxkj\\Pictures\\shoppingimges\\6-21532343975825.jpg'),(498,107,'D:\\Users\\zxkj\\Pictures\\shoppingimges\\6-31532343980281.jpg'),(499,107,'D:\\Users\\zxkj\\Pictures\\shoppingimges\\6-41532343983929.jpg'),(500,107,'D:\\Users\\zxkj\\Pictures\\shoppingimges\\6-11532343992922.jpg'),(501,107,'D:\\Users\\zxkj\\Pictures\\shoppingimges\\6-21532344004704.jpg'),(502,107,'D:\\Users\\zxkj\\Pictures\\shoppingimges\\6-31532344008434.jpg'),(503,107,'D:\\Users\\zxkj\\Pictures\\shoppingimges\\6-41532344011868.jpg'),(504,108,'D:\\Users\\zxkj\\Pictures\\shoppingimges\\7-11532344021537.jpg'),(505,108,'D:\\Users\\zxkj\\Pictures\\shoppingimges\\7-21532344026033.jpg'),(506,108,'D:\\Users\\zxkj\\Pictures\\shoppingimges\\7-31532344031361.jpg'),(507,108,'D:\\Users\\zxkj\\Pictures\\shoppingimges\\7-41532344036589.jpg'),(508,109,'D:\\Users\\zxkj\\Pictures\\shoppingimges\\8-11532344047792.jpg'),(509,109,'D:\\Users\\zxkj\\Pictures\\shoppingimges\\8-21532344053568.jpg'),(510,109,'D:\\Users\\zxkj\\Pictures\\shoppingimges\\8-31532344057773.jpg'),(511,109,'D:\\Users\\zxkj\\Pictures\\shoppingimges\\8-41532344061288.jpg'),(512,110,'D:\\Users\\zxkj\\Pictures\\shoppingimges\\9-11532344070347.jpg'),(513,110,'D:\\Users\\zxkj\\Pictures\\shoppingimges\\9-21532344075794.jpg'),(514,110,'D:\\Users\\zxkj\\Pictures\\shoppingimges\\9-31532344080292.jpg'),(515,110,'D:\\Users\\zxkj\\Pictures\\shoppingimges\\9-41532344084587.jpg'),(516,111,'D:\\Users\\zxkj\\Pictures\\shoppingimges\\10-11532344114359.jpg'),(517,111,'D:\\Users\\zxkj\\Pictures\\shoppingimges\\10-21532344119546.jpg'),(518,111,'D:\\Users\\zxkj\\Pictures\\shoppingimges\\10-31532344123711.jpg'),(519,111,'D:\\Users\\zxkj\\Pictures\\shoppingimges\\10-41532344128938.jpg'),(520,112,'D:\\Users\\zxkj\\Pictures\\shoppingimges\\11-11532344139055.jpg'),(521,112,'D:\\Users\\zxkj\\Pictures\\shoppingimges\\11-21532344142844.jpg'),(522,112,'D:\\Users\\zxkj\\Pictures\\shoppingimges\\11-31532344147205.jpg'),(523,112,'D:\\Users\\zxkj\\Pictures\\shoppingimges\\11-41532344152529.jpg'),(524,113,'D:\\Users\\zxkj\\Pictures\\shoppingimges\\12-11532344168281.jpg'),(525,113,'D:\\Users\\zxkj\\Pictures\\shoppingimges\\12-21532344173097.jpg'),(526,113,'D:\\Users\\zxkj\\Pictures\\shoppingimges\\12-31532344178264.jpg'),(527,113,'D:\\Users\\zxkj\\Pictures\\shoppingimges\\12-41532344183051.jpg'),(528,114,'D:\\Users\\zxkj\\Pictures\\shoppingimges\\13-11532344201037.jpg'),(529,114,'D:\\Users\\zxkj\\Pictures\\shoppingimges\\13-21532344205101.jpg'),(530,114,'D:\\Users\\zxkj\\Pictures\\shoppingimges\\13-31532344209216.jpg'),(531,114,'D:\\Users\\zxkj\\Pictures\\shoppingimges\\13-41532344213370.jpg'),(532,115,'D:\\Users\\zxkj\\Pictures\\shoppingimges\\14-11532344222545.jpg'),(533,115,'D:\\Users\\zxkj\\Pictures\\shoppingimges\\14-21532344226614.jpg'),(534,115,'D:\\Users\\zxkj\\Pictures\\shoppingimges\\14-31532344230947.jpg'),(535,115,'D:\\Users\\zxkj\\Pictures\\shoppingimges\\14-41532344236302.jpg'),(536,116,'D:\\Users\\zxkj\\Pictures\\shoppingimges\\15-11532344246531.jpg'),(537,116,'D:\\Users\\zxkj\\Pictures\\shoppingimges\\15-21532344250931.jpg'),(538,116,'D:\\Users\\zxkj\\Pictures\\shoppingimges\\15-31532344256530.jpg'),(539,116,'D:\\Users\\zxkj\\Pictures\\shoppingimges\\15-41532344260234.jpg'),(540,117,'D:\\Users\\zxkj\\Pictures\\shoppingimges\\1-11532344274945.jpg'),(541,117,'D:\\Users\\zxkj\\Pictures\\shoppingimges\\1-21532344278983.jpg'),(542,117,'D:\\Users\\zxkj\\Pictures\\shoppingimges\\1-31532344282232.jpg'),(543,117,'D:\\Users\\zxkj\\Pictures\\shoppingimges\\1-41532344285501.jpg'),(544,118,'D:\\Users\\zxkj\\Pictures\\shoppingimges\\2-11532344295624.jpg'),(545,118,'D:\\Users\\zxkj\\Pictures\\shoppingimges\\2-21532344298564.jpg'),(546,118,'D:\\Users\\zxkj\\Pictures\\shoppingimges\\2-31532344301933.jpg'),(547,118,'D:\\Users\\zxkj\\Pictures\\shoppingimges\\2-41532344305107.jpg'),(548,119,'D:\\Users\\zxkj\\Pictures\\shoppingimges\\3-11532344312892.jpg'),(549,119,'D:\\Users\\zxkj\\Pictures\\shoppingimges\\3-21532344318567.jpg'),(550,119,'D:\\Users\\zxkj\\Pictures\\shoppingimges\\3-31532344322508.jpg'),(551,119,'D:\\Users\\zxkj\\Pictures\\shoppingimges\\3-41532344326600.jpg'),(552,120,'D:\\Users\\zxkj\\Pictures\\shoppingimges\\4-11532344344139.jpg'),(553,120,'D:\\Users\\zxkj\\Pictures\\shoppingimges\\4-21532344347623.jpg'),(554,120,'D:\\Users\\zxkj\\Pictures\\shoppingimges\\4-31532344350887.jpg'),(555,120,'D:\\Users\\zxkj\\Pictures\\shoppingimges\\4-41532344354962.jpg'),(556,121,'D:\\Users\\zxkj\\Pictures\\shoppingimges\\5-11532344362899.jpg'),(557,121,'D:\\Users\\zxkj\\Pictures\\shoppingimges\\5-21532344366281.jpg'),(558,121,'D:\\Users\\zxkj\\Pictures\\shoppingimges\\5-31532344369612.jpg'),(559,121,'D:\\Users\\zxkj\\Pictures\\shoppingimges\\5-41532344373523.jpg'),(560,122,'D:\\Users\\zxkj\\Pictures\\shoppingimges\\6-11532344397121.jpg'),(561,122,'D:\\Users\\zxkj\\Pictures\\shoppingimges\\6-21532344400149.jpg'),(562,122,'D:\\Users\\zxkj\\Pictures\\shoppingimges\\6-31532344405474.jpg'),(563,122,'D:\\Users\\zxkj\\Pictures\\shoppingimges\\6-41532344411860.jpg'),(564,123,'D:\\Users\\zxkj\\Pictures\\shoppingimges\\7-11532344423074.jpg'),(565,123,'D:\\Users\\zxkj\\Pictures\\shoppingimges\\7-21532344426573.jpg'),(566,123,'D:\\Users\\zxkj\\Pictures\\shoppingimges\\7-31532344430749.jpg'),(567,123,'D:\\Users\\zxkj\\Pictures\\shoppingimges\\7-41532344435150.jpg'),(568,124,'D:\\Users\\zxkj\\Pictures\\shoppingimges\\8-11532344444579.jpg'),(569,124,'D:\\Users\\zxkj\\Pictures\\shoppingimges\\8-21532344448163.jpg'),(570,124,'D:\\Users\\zxkj\\Pictures\\shoppingimges\\8-31532344453661.jpg'),(571,124,'D:\\Users\\zxkj\\Pictures\\shoppingimges\\8-41532344459325.jpg'),(572,125,'D:\\Users\\zxkj\\Pictures\\shoppingimges\\9-11532344467366.jpg'),(573,125,'D:\\Users\\zxkj\\Pictures\\shoppingimges\\9-21532344471138.jpg'),(574,125,'D:\\Users\\zxkj\\Pictures\\shoppingimges\\9-31532344475078.jpg'),(575,125,'D:\\Users\\zxkj\\Pictures\\shoppingimges\\9-41532344478979.jpg'),(576,126,'D:\\Users\\zxkj\\Pictures\\shoppingimges\\10-11532344489176.jpg'),(577,126,'D:\\Users\\zxkj\\Pictures\\shoppingimges\\10-21532344493724.jpg'),(578,126,'D:\\Users\\zxkj\\Pictures\\shoppingimges\\10-31532344497544.jpg'),(579,126,'D:\\Users\\zxkj\\Pictures\\shoppingimges\\10-41532344501921.jpg'),(580,127,'D:\\Users\\zxkj\\Pictures\\shoppingimges\\11-11532344511381.jpg'),(581,127,'D:\\Users\\zxkj\\Pictures\\shoppingimges\\11-21532344515368.jpg'),(582,127,'D:\\Users\\zxkj\\Pictures\\shoppingimges\\11-31532344520517.jpg'),(583,127,'D:\\Users\\zxkj\\Pictures\\shoppingimges\\11-41532344527157.jpg'),(584,128,'D:\\Users\\zxkj\\Pictures\\shoppingimges\\12-11532344537160.jpg'),(585,128,'D:\\Users\\zxkj\\Pictures\\shoppingimges\\12-21532344541469.jpg'),(586,128,'D:\\Users\\zxkj\\Pictures\\shoppingimges\\12-31532344545191.jpg'),(587,128,'D:\\Users\\zxkj\\Pictures\\shoppingimges\\12-41532344548693.jpg'),(588,129,'D:\\Users\\zxkj\\Pictures\\shoppingimges\\13-11532344557749.jpg'),(589,129,'D:\\Users\\zxkj\\Pictures\\shoppingimges\\13-21532344561217.jpg'),(590,129,'D:\\Users\\zxkj\\Pictures\\shoppingimges\\13-31532344565570.jpg'),(591,129,'D:\\Users\\zxkj\\Pictures\\shoppingimges\\13-41532344570871.jpg'),(592,130,'D:\\Users\\zxkj\\Pictures\\shoppingimges\\14-11532344579438.jpg'),(593,130,'D:\\Users\\zxkj\\Pictures\\shoppingimges\\14-21532344582944.jpg'),(594,130,'D:\\Users\\zxkj\\Pictures\\shoppingimges\\14-31532344588136.jpg'),(595,130,'D:\\Users\\zxkj\\Pictures\\shoppingimges\\14-41532344594420.jpg'),(596,131,'D:\\Users\\zxkj\\Pictures\\shoppingimges\\15-11532344615806.jpg'),(597,131,'D:\\Users\\zxkj\\Pictures\\shoppingimges\\15-21532344619222.jpg'),(598,131,'D:\\Users\\zxkj\\Pictures\\shoppingimges\\15-31532344622785.jpg'),(599,131,'D:\\Users\\zxkj\\Pictures\\shoppingimges\\15-41532344626783.jpg'),(600,132,'D:\\Users\\zxkj\\Pictures\\shoppingimges\\1-11532344651771.jpg'),(601,132,'D:\\Users\\zxkj\\Pictures\\shoppingimges\\1-21532344655016.jpg'),(602,132,'D:\\Users\\zxkj\\Pictures\\shoppingimges\\1-31532344658314.jpg'),(603,132,'D:\\Users\\zxkj\\Pictures\\shoppingimges\\1-41532344661667.jpg'),(604,133,'D:\\Users\\zxkj\\Pictures\\shoppingimges\\2-11532344669822.jpg'),(605,133,'D:\\Users\\zxkj\\Pictures\\shoppingimges\\2-21532344672891.jpg'),(606,133,'D:\\Users\\zxkj\\Pictures\\shoppingimges\\2-31532344675766.jpg'),(607,133,'D:\\Users\\zxkj\\Pictures\\shoppingimges\\2-41532344678827.jpg'),(608,134,'D:\\Users\\zxkj\\Pictures\\shoppingimges\\3-11532344693773.jpg'),(609,134,'D:\\Users\\zxkj\\Pictures\\shoppingimges\\3-21532344696316.jpg'),(610,134,'D:\\Users\\zxkj\\Pictures\\shoppingimges\\3-31532344699549.jpg'),(611,134,'D:\\Users\\zxkj\\Pictures\\shoppingimges\\3-41532344702820.jpg'),(612,135,'D:\\Users\\zxkj\\Pictures\\shoppingimges\\4-11532344716230.jpg'),(613,135,'D:\\Users\\zxkj\\Pictures\\shoppingimges\\4-21532344719702.jpg'),(614,135,'D:\\Users\\zxkj\\Pictures\\shoppingimges\\4-31532344722695.jpg'),(615,135,'D:\\Users\\zxkj\\Pictures\\shoppingimges\\4-41532344726192.jpg'),(616,136,'D:\\Users\\zxkj\\Pictures\\shoppingimges\\5-11532344735349.jpg'),(617,136,'D:\\Users\\zxkj\\Pictures\\shoppingimges\\5-21532344738517.jpg'),(618,136,'D:\\Users\\zxkj\\Pictures\\shoppingimges\\5-31532344742618.jpg'),(619,136,'D:\\Users\\zxkj\\Pictures\\shoppingimges\\5-31532344746965.jpg'),(620,136,'D:\\Users\\zxkj\\Pictures\\shoppingimges\\5-41532344750161.jpg'),(621,137,'D:\\Users\\zxkj\\Pictures\\shoppingimges\\6-11532344773965.jpg'),(622,137,'D:\\Users\\zxkj\\Pictures\\shoppingimges\\6-21532344778834.jpg'),(623,137,'D:\\Users\\zxkj\\Pictures\\shoppingimges\\6-31532344788160.jpg'),(624,137,'D:\\Users\\zxkj\\Pictures\\shoppingimges\\6-41532344792355.jpg'),(625,138,'D:\\Users\\zxkj\\Pictures\\shoppingimges\\7-11532344806334.jpg'),(626,138,'D:\\Users\\zxkj\\Pictures\\shoppingimges\\7-21532344810780.jpg'),(627,138,'D:\\Users\\zxkj\\Pictures\\shoppingimges\\7-31532344816095.jpg'),(628,138,'D:\\Users\\zxkj\\Pictures\\shoppingimges\\7-41532344821144.jpg'),(629,139,'D:\\Users\\zxkj\\Pictures\\shoppingimges\\8-11532344850847.jpg'),(630,139,'D:\\Users\\zxkj\\Pictures\\shoppingimges\\8-21532344858191.jpg'),(631,139,'D:\\Users\\zxkj\\Pictures\\shoppingimges\\8-31532344865690.jpg'),(632,139,'D:\\Users\\zxkj\\Pictures\\shoppingimges\\8-41532344870694.jpg'),(633,140,'D:\\Users\\zxkj\\Pictures\\shoppingimges\\9-11532344878501.jpg'),(634,140,'D:\\Users\\zxkj\\Pictures\\shoppingimges\\9-21532344882703.jpg'),(635,140,'D:\\Users\\zxkj\\Pictures\\shoppingimges\\9-31532344887296.jpg'),(636,140,'D:\\Users\\zxkj\\Pictures\\shoppingimges\\9-41532344891002.jpg'),(637,141,'D:\\Users\\zxkj\\Pictures\\shoppingimges\\10-11532344902279.jpg'),(638,141,'D:\\Users\\zxkj\\Pictures\\shoppingimges\\10-21532344910373.jpg'),(639,141,'D:\\Users\\zxkj\\Pictures\\shoppingimges\\10-31532344914845.jpg'),(640,141,'D:\\Users\\zxkj\\Pictures\\shoppingimges\\10-41532344919021.jpg'),(641,142,'D:\\Users\\zxkj\\Pictures\\shoppingimges\\11-11532344938131.jpg'),(642,142,'D:\\Users\\zxkj\\Pictures\\shoppingimges\\11-21532344942082.jpg'),(643,142,'D:\\Users\\zxkj\\Pictures\\shoppingimges\\11-31532344946694.jpg'),(644,142,'D:\\Users\\zxkj\\Pictures\\shoppingimges\\11-41532344950571.jpg'),(645,143,'D:\\Users\\zxkj\\Pictures\\shoppingimges\\12-11532344960065.jpg'),(646,143,'D:\\Users\\zxkj\\Pictures\\shoppingimges\\12-21532344964032.jpg'),(647,143,'D:\\Users\\zxkj\\Pictures\\shoppingimges\\12-31532344968144.jpg'),(648,143,'D:\\Users\\zxkj\\Pictures\\shoppingimges\\12-41532344984799.jpg'),(649,144,'D:\\Users\\zxkj\\Pictures\\shoppingimges\\13-11532344992727.jpg'),(650,144,'D:\\Users\\zxkj\\Pictures\\shoppingimges\\13-21532344997965.jpg'),(651,144,'D:\\Users\\zxkj\\Pictures\\shoppingimges\\13-31532345002436.jpg'),(652,144,'D:\\Users\\zxkj\\Pictures\\shoppingimges\\13-41532345005924.jpg'),(653,145,'D:\\Users\\zxkj\\Pictures\\shoppingimges\\14-11532345027116.jpg'),(654,145,'D:\\Users\\zxkj\\Pictures\\shoppingimges\\14-21532345030528.jpg'),(655,145,'D:\\Users\\zxkj\\Pictures\\shoppingimges\\14-31532345033882.jpg'),(656,145,'D:\\Users\\zxkj\\Pictures\\shoppingimges\\14-41532345037948.jpg'),(657,146,'D:\\Users\\zxkj\\Pictures\\shoppingimges\\1-11532345051209.jpg'),(658,146,'D:\\Users\\zxkj\\Pictures\\shoppingimges\\1-21532345054054.jpg'),(659,146,'D:\\Users\\zxkj\\Pictures\\shoppingimges\\1-31532345056581.jpg'),(660,146,'D:\\Users\\zxkj\\Pictures\\shoppingimges\\1-41532345059402.jpg'),(661,147,'D:\\Users\\zxkj\\Pictures\\shoppingimges\\2-11532345068072.jpg'),(662,147,'D:\\Users\\zxkj\\Pictures\\shoppingimges\\2-21532345071537.jpg'),(663,147,'D:\\Users\\zxkj\\Pictures\\shoppingimges\\2-31532345094724.jpg'),(664,147,'D:\\Users\\zxkj\\Pictures\\shoppingimges\\2-41532345098252.jpg'),(665,148,'D:\\Users\\zxkj\\Pictures\\shoppingimges\\3-11532345106034.jpg'),(666,148,'D:\\Users\\zxkj\\Pictures\\shoppingimges\\3-21532345108921.jpg'),(667,148,'D:\\Users\\zxkj\\Pictures\\shoppingimges\\3-31532345111730.jpg'),(668,148,'D:\\Users\\zxkj\\Pictures\\shoppingimges\\3-41532345114794.jpg'),(669,149,'D:\\Users\\zxkj\\Pictures\\shoppingimges\\4-11532345121693.jpg'),(670,149,'D:\\Users\\zxkj\\Pictures\\shoppingimges\\4-21532345125365.jpg'),(671,149,'D:\\Users\\zxkj\\Pictures\\shoppingimges\\4-31532345128650.jpg'),(672,149,'D:\\Users\\zxkj\\Pictures\\shoppingimges\\4-41532345132467.jpg'),(673,151,'D:\\Users\\zxkj\\Pictures\\shoppingimges\\6-11532345165361.jpg'),(674,151,'D:\\Users\\zxkj\\Pictures\\shoppingimges\\6-21532345169697.jpg'),(675,151,'D:\\Users\\zxkj\\Pictures\\shoppingimges\\6-31532345173934.jpg'),(676,151,'D:\\Users\\zxkj\\Pictures\\shoppingimges\\6-41532345177510.jpg'),(677,152,'D:\\Users\\zxkj\\Pictures\\shoppingimges\\7-11532345188433.jpg'),(678,152,'D:\\Users\\zxkj\\Pictures\\shoppingimges\\7-21532345192949.jpg'),(679,152,'D:\\Users\\zxkj\\Pictures\\shoppingimges\\7-31532345197908.jpg'),(680,152,'D:\\Users\\zxkj\\Pictures\\shoppingimges\\7-41532345211506.jpg'),(681,153,'D:\\Users\\zxkj\\Pictures\\shoppingimges\\8-11532345219256.jpg'),(682,153,'D:\\Users\\zxkj\\Pictures\\shoppingimges\\8-21532345225965.jpg'),(683,153,'D:\\Users\\zxkj\\Pictures\\shoppingimges\\8-31532345230494.jpg'),(684,153,'D:\\Users\\zxkj\\Pictures\\shoppingimges\\8-41532345234683.jpg'),(685,157,'D:\\Users\\zxkj\\Pictures\\shoppingimges\\12-11532345261438.jpg'),(686,157,'D:\\Users\\zxkj\\Pictures\\shoppingimges\\12-21532345265431.jpg'),(687,157,'D:\\Users\\zxkj\\Pictures\\shoppingimges\\12-31532345270070.jpg'),(688,157,'D:\\Users\\zxkj\\Pictures\\shoppingimges\\12-41532345273812.jpg'),(689,158,'D:\\Users\\zxkj\\Pictures\\shoppingimges\\10-11532345333201.jpg'),(690,158,'D:\\Users\\zxkj\\Pictures\\shoppingimges\\10-21532345338303.jpg'),(691,158,'D:\\Users\\zxkj\\Pictures\\shoppingimges\\10-31532345341802.jpg'),(692,158,'D:\\Users\\zxkj\\Pictures\\shoppingimges\\10-41532345345526.jpg'),(693,162,'D:\\Users\\zxkj\\Pictures\\shoppingimges\\12-11532345368085.jpg'),(694,162,'D:\\Users\\zxkj\\Pictures\\shoppingimges\\12-21532345372908.jpg'),(695,162,'D:\\Users\\zxkj\\Pictures\\shoppingimges\\12-31532345377462.jpg'),(696,162,'D:\\Users\\zxkj\\Pictures\\shoppingimges\\12-41532345381323.jpg'),(697,163,'D:\\Users\\zxkj\\Pictures\\shoppingimges\\13-11532345389133.jpg'),(698,163,'D:\\Users\\zxkj\\Pictures\\shoppingimges\\13-21532345392664.jpg'),(699,163,'D:\\Users\\zxkj\\Pictures\\shoppingimges\\13-31532345396305.jpg'),(700,163,'D:\\Users\\zxkj\\Pictures\\shoppingimges\\13-41532345400509.jpg'),(701,164,'D:\\Users\\zxkj\\Pictures\\shoppingimges\\14-11532345420867.jpg'),(702,164,'D:\\Users\\zxkj\\Pictures\\shoppingimges\\14-21532345424598.jpg'),(703,164,'D:\\Users\\zxkj\\Pictures\\shoppingimges\\14-31532345433186.jpg'),(704,164,'D:\\Users\\zxkj\\Pictures\\shoppingimges\\14-41532345437936.jpg'),(705,165,'D:\\Users\\zxkj\\Pictures\\shoppingimges\\15-11532345446134.jpg'),(706,165,'D:\\Users\\zxkj\\Pictures\\shoppingimges\\15-21532345450258.jpg'),(707,165,'D:\\Users\\zxkj\\Pictures\\shoppingimges\\15-31532345454295.jpg'),(708,165,'D:\\Users\\zxkj\\Pictures\\shoppingimges\\15-41532345458018.jpg'),(709,169,'D:\\Users\\zxkj\\Pictures\\shoppingimges\\11-21532623259797.jpg'),(710,170,'D:\\Users\\zxkj\\Pictures\\shoppingimges\\21532658810493.jpg');

/*Table structure for table `reviews` */

DROP TABLE IF EXISTS `reviews`;

CREATE TABLE `reviews` (
  `review_id` int(11) NOT NULL AUTO_INCREMENT,
  `gid` varchar(20) NOT NULL,
  `reviews` varchar(1000) DEFAULT NULL,
  `login_id` varchar(20) DEFAULT NULL,
  `client_rename` varchar(100) DEFAULT NULL,
  PRIMARY KEY (`review_id`)
) ENGINE=InnoDB AUTO_INCREMENT=513 DEFAULT CHARSET=utf8;

/*Data for the table `reviews` */

insert  into `reviews`(`review_id`,`gid`,`reviews`,`login_id`,`client_rename`) values (1,'1','好评！','13845676546','1'),(2,'2','很好，下次还会买','13845676546','1'),(3,'3','好评','13845676546','1'),(4,'4','不错不错','13845676546','1'),(5,'5','还可以','13845676546','1'),(6,'6','好评','13845676546','1'),(7,'7','好评，好评','13845676546','1'),(8,'8','点赞','13845676546','1'),(9,'9','很不错，质量很好','13845676546','1'),(10,'10','下次还会买','13845676546','1'),(11,'11','还可以','13845676546','1'),(12,'12','很好，物超所值','13845676546','1'),(13,'13','给个赞','13845676546','1'),(14,'14','很好','13845676546','1'),(15,'15','下次还会买','13845676546','1'),(16,'16','点赞','13845676546','1'),(17,'17','nice','13845676546','1'),(18,'18','好到爆炸','13845676546','1'),(19,'19','nice','13845676546','1'),(20,'20','点赞','13845676546','1'),(21,'21','非常不错','13845676546','1'),(22,'22','真好啊','13845676546','1'),(23,'23','还可以','13845676546','1'),(24,'24','良心','13845676546','1'),(25,'25','点赞','13845676546','1'),(26,'26','真好，下次还会买','13845676546','1'),(27,'27','还行吧，给个好评','13845676546','1'),(28,'28','好评！！！','13845676546','1'),(29,'29','挺好的','13845676546','1'),(30,'30','点赞','13845676546','1'),(31,'31','很不错的商品','13845676546','1'),(32,'32','期待下次购买','13845676546','1'),(33,'33','完美','13845676546','1'),(34,'34','很好','13845676546','1'),(35,'35','很喜欢','13845676546','1'),(36,'36','很好','13845676546','1'),(37,'37','喜欢','13845676546','1'),(38,'38','好评','13845676546','1'),(39,'39','点赞','13845676546','1'),(40,'40','物超所值','13845676546','1'),(41,'41','很不错','13845676546','1'),(42,'42','好评','13845676546','1'),(43,'43','好好好','13845676546','1'),(44,'44','孩子很喜欢','13845676546','1'),(45,'45','点赞','13845676546','1'),(46,'46','良心商家','13845676546','1'),(47,'47','真的好','13845676546','1'),(48,'48','喜欢','13845676546','1'),(49,'49','物流好快','13845676546','1'),(50,'50','值得下次购买','13845676546','1'),(51,'51','喜欢','13845676546','1'),(52,'52','点赞','13845676546','1'),(53,'53','喜欢','13845676546','1'),(54,'54','物流很快','13845676546','1'),(55,'55','点赞','13845676546','1'),(56,'56','物超所值','13845676546','1'),(57,'57','喜欢','13845676546','1'),(58,'58','点赞','13845676546','1'),(59,'59','质量很好','13845676546','1'),(60,'60','喜欢','13845676546','1'),(61,'61','值得购买','13845676546','1'),(62,'62','很便宜','13845676546','1'),(63,'63','正规商品','13845676546','1'),(64,'64','还会再购买','13845676546','1'),(65,'65','高兴','13845676546','1'),(66,'66','物流很快','13845676546','1'),(67,'67','点赞','13845676546','1'),(68,'68','物流很快','13845676546','1'),(69,'69','东西很好','13845676546','1'),(70,'70','期待下次的购买','13845676546','1'),(71,'71','好评','13845676546','1'),(72,'72','点赞','13845676546','1'),(73,'73','物超所值','13845676546','1'),(74,'74','物流很快','13845676546','1'),(75,'75','正品','13845676546','1'),(76,'76','点赞','13845676546','1'),(77,'77','很值','13845676546','1'),(78,'78','还会再买','13845676546','1'),(79,'79','物超所值','13845676546','1'),(80,'80','点赞','13845676546','1'),(81,'81','很好的商品','13845676546','1'),(82,'82','点赞','13845676546','1'),(83,'83','物超所值','13845676546','1'),(84,'84','好评','13845676546','1'),(85,'85','点赞','13845676546','1'),(86,'86','物流很快','13845676546','1'),(87,'87','良心商家','13845676546','1'),(88,'88','好评','13845676546','1'),(89,'89','真的很好','13845676546','1'),(90,'90','好评','13845676546','1'),(91,'91','良心商品','13845676546','1'),(92,'92','物流很快','13845676546','1'),(93,'93','好评','13845676546','1'),(94,'94','点赞','13845676546','1'),(95,'95','物流很快','13845676546','1'),(96,'96','点赞','13845676546','1'),(97,'97','下次还会再买','13845676546','1'),(98,'98','物超所值','13845676546','1'),(99,'99','好评','13845676546','1'),(100,'100','点赞','13845676546','1'),(101,'101','很好','13845676546','1'),(102,'102','喜欢','13845676546','1'),(103,'103','很值','13845676546','1'),(104,'104','物流超快','13845676546','1'),(105,'105','很好的商品','13845676546','1'),(106,'106','物流快','13845676546','1'),(107,'107','物超所值','13845676546','1'),(108,'108','客服态度好','13845676546','1'),(109,'109','很喜欢','13845676546','1'),(110,'110','很好','13845676546','1'),(111,'111','物超所值','13845676546','1'),(112,'112','喜欢','13845676546','1'),(113,'113','很好','13845676546','1'),(114,'114','很喜欢','13845676546','1'),(115,'115','物流快','13845676546','1'),(116,'116','物流快','13845676546','1'),(117,'117','物超所值','13845676546','1'),(118,'118','很喜欢','13845676546','1'),(119,'119','喜欢','13845676546','1'),(120,'120','还会再买','13845676546','1'),(121,'121','想再买','13845676546','1'),(122,'122','值得再次购买','13845676546','1'),(123,'123','喜欢','13845676546','1'),(124,'124','喜欢','13845676546','1'),(125,'125','物流很快','13845676546','1'),(126,'126','很高兴','13845676546','1'),(127,'127','喜欢','13845676546','1'),(128,'128','喜欢','13845676546','1'),(129,'129','物流很快','13845676546','1'),(130,'130','喜欢','13845676546','1'),(131,'131','喜欢','13845676546','1'),(132,'132','物流快','13845676546','1'),(133,'133','喜欢','13845676546','1'),(134,'134','物流快','13845676546','1'),(135,'135','喜欢','13845676546','1'),(136,'136','喜欢','13845676546','1'),(137,'137','物流很快','13845676546','1'),(138,'138','很喜欢','13845676546','1'),(139,'139','点赞','13845676546','1'),(140,'140','好评','13845676546','1'),(141,'141','点赞','13845676546','1'),(142,'142','很喜欢','13845676546','1'),(143,'143','点个赞','13845676546','1'),(144,'144','好评','13845676546','1'),(145,'145','很好','13845676546','1'),(146,'146','很喜欢','13845676546','1'),(147,'147','点赞','13845676546','1'),(148,'148','很好','13845676546','1'),(149,'149','物流很快','13845676546','1'),(150,'150','客服态度好','13845676546','1'),(151,'151','喜欢','13845676546','1'),(152,'152','喜欢','13845676546','1'),(153,'153','好评','13845676546','1'),(154,'154','好评','13845676546','1'),(155,'155','喜欢','13845676546','1'),(156,'156','物流很快','13845676546','1'),(157,'157','下次还买','13845676546','1'),(158,'158','物超所值','13845676546','1'),(159,'159','喜欢','13845676546','1'),(160,'160','是正品','13845676546','1'),(161,'161','很好用','13845676546','1'),(162,'162','喜欢，很好用','13845676546','1'),(163,'163','物流超快','13845676546','1'),(164,'164','好评','13845676546','1'),(165,'165','喜欢','13845676546','1'),(166,'1','还可以','13798564478','陌年微凉'),(167,'2','还不错','13798564478','陌年微凉'),(168,'3','比较一般','13798564478','陌年微凉'),(169,'4','点赞','13798564478','陌年微凉'),(170,'5','喜欢','13798564478','陌年微凉'),(171,'6','很喜欢','13798564478','陌年微凉'),(172,'7','不是很贵','13798564478','陌年微凉'),(173,'8','很便宜','13798564478','陌年微凉'),(174,'9','东西很好','13798564478','陌年微凉'),(175,'10','物流有些慢','13798564478','陌年微凉'),(176,'11','东西是正品','13798564478','陌年微凉'),(177,'12','物超所值','13798564478','陌年微凉'),(178,'13','很喜欢','13798564478','陌年微凉'),(179,'14','客服态度好','13798564478','陌年微凉'),(180,'15','还可以','13798564478','陌年微凉'),(181,'16','喜欢','13798564478','陌年微凉'),(182,'17','不错，还可以','13798564478','陌年微凉'),(183,'18','物流很快','13798564478','陌年微凉'),(184,'19','很喜欢','13798564478','陌年微凉'),(185,'20','大小合适','13798564478','陌年微凉'),(186,'21','物超所值','13798564478','陌年微凉'),(187,'22','挺好的','13798564478','陌年微凉'),(188,'23','好评','13798564478','陌年微凉'),(189,'24','还行','13798564478','陌年微凉'),(190,'25','喜欢','13798564478','陌年微凉'),(191,'26','物流很快','13798564478','陌年微凉'),(192,'27','大小合适','13798564478','陌年微凉'),(193,'28','好评','13798564478','陌年微凉'),(194,'29','客服友善','13798564478','陌年微凉'),(195,'30','喜欢','13798564478','陌年微凉'),(196,'31','大小合适','13798564478','陌年微凉'),(197,'32','点赞','13798564478','陌年微凉'),(198,'33','喜欢','13798564478','陌年微凉'),(199,'34','大小合适','13798564478','陌年微凉'),(200,'35','物流很快','13798564478','陌年微凉'),(201,'36','物超所值','13798564478','陌年微凉'),(202,'37','很喜欢','13798564478','陌年微凉'),(203,'38','很好','13798564478','陌年微凉'),(204,'39','下次还会光顾','13798564478','陌年微凉'),(205,'40','很好','13798564478','陌年微凉'),(206,'41','喜欢','13798564478','陌年微凉'),(207,'42','物流很快','13798564478','陌年微凉'),(208,'43','喜欢','13798564478','陌年微凉'),(209,'44','物流很快','13798564478','陌年微凉'),(210,'45','物超所值','13798564478','陌年微凉'),(211,'46','点赞','13798564478','陌年微凉'),(212,'47','好评','13798564478','陌年微凉'),(213,'48','很满意','13798564478','陌年微凉'),(214,'49','喜欢','13798564478','陌年微凉'),(215,'50','很喜欢','13798564478','陌年微凉'),(216,'51','点赞','13798564478','陌年微凉'),(217,'52','物流很快','13798564478','陌年微凉'),(218,'53','点赞','13798564478','陌年微凉'),(219,'54','物超所值','13798564478','陌年微凉'),(220,'55','客服态度友善','13798564478','陌年微凉'),(221,'56','很喜欢','13798564478','陌年微凉'),(222,'57','客服态度好','13798564478','陌年微凉'),(223,'58','点赞','13798564478','陌年微凉'),(224,'59','物超所值','13798564478','陌年微凉'),(225,'60','喜欢','13798564478','陌年微凉'),(226,'61','很满意','13798564478','陌年微凉'),(227,'62','值得下次再买','13798564478','陌年微凉'),(228,'63','商品很便宜','13798564478','陌年微凉'),(229,'64','喜欢','13798564478','陌年微凉'),(230,'65','开心','13798564478','陌年微凉'),(231,'66','点赞','13798564478','陌年微凉'),(232,'67','物流超快','13798564478','陌年微凉'),(233,'68','物超所值','13798564478','陌年微凉'),(234,'69','物超所值','13798564478','陌年微凉'),(235,'70','物流很快','13798564478','陌年微凉'),(236,'71','物超所值','13798564478','陌年微凉'),(237,'72','客服态度友善','13798564478','陌年微凉'),(238,'73','很满意','13798564478','陌年微凉'),(239,'74','好评','13798564478','陌年微凉'),(240,'75','喜欢','13798564478','陌年微凉'),(241,'76','物超所值','13798564478','陌年微凉'),(242,'77','好评','13798564478','陌年微凉'),(243,'78','点赞','13798564478','陌年微凉'),(244,'79','好评','13798564478','陌年微凉'),(245,'80','很满意','13798564478','陌年微凉'),(246,'81','物流很快','13798564478','陌年微凉'),(247,'82','物超所值','13798564478','陌年微凉'),(248,'83','好评','13798564478','陌年微凉'),(249,'84','很喜欢','13798564478','陌年微凉'),(250,'85','物流很快','13798564478','陌年微凉'),(251,'86','喜欢','13798564478','陌年微凉'),(252,'87','支持','13798564478','陌年微凉'),(253,'88','满意','13798564478','陌年微凉'),(254,'89','喜欢','13798564478','陌年微凉'),(255,'90','好评','13798564478','陌年微凉'),(256,'91','喜欢','13798564478','陌年微凉'),(257,'92','物超所值','13798564478','陌年微凉'),(258,'93','好评','13798564478','陌年微凉'),(259,'94','点赞','13798564478','陌年微凉'),(260,'95','物超所值','13798564478','陌年微凉'),(261,'96','点赞','13798564478','陌年微凉'),(262,'97','喜欢','13798564478','陌年微凉'),(263,'98','喜欢','13798564478','陌年微凉'),(264,'99','满意','13798564478','陌年微凉'),(265,'100','喜欢','13798564478','陌年微凉'),(266,'101','点赞','13798564478','陌年微凉'),(267,'102','满意','13798564478','陌年微凉'),(268,'103','很喜欢','13798564478','陌年微凉'),(269,'104','物流很快','13798564478','陌年微凉'),(270,'105','物流不是很快','13798564478','陌年微凉'),(271,'106','喜欢','13798564478','陌年微凉'),(272,'107','满意','13798564478','陌年微凉'),(273,'108','点赞','13798564478','陌年微凉'),(274,'109','还会再买这件的','13798564478','陌年微凉'),(275,'110','很喜欢','13798564478','陌年微凉'),(276,'111','喜欢','13798564478','陌年微凉'),(277,'112','点赞','13798564478','陌年微凉'),(278,'113','好评','13798564478','陌年微凉'),(279,'114','满意','13798564478','陌年微凉'),(280,'115','物流超快','13798564478','陌年微凉'),(281,'116','喜欢','13798564478','陌年微凉'),(282,'117','十分满意','13798564478','陌年微凉'),(283,'118','物流超快','13798564478','陌年微凉'),(284,'119','喜欢','13798564478','陌年微凉'),(285,'120','点赞','13798564478','陌年微凉'),(286,'121','好评','13798564478','陌年微凉'),(287,'122','物流快','13798564478','陌年微凉'),(288,'123','物超所值','13798564478','陌年微凉'),(289,'124','点赞','13798564478','陌年微凉'),(290,'125','喜欢','13798564478','陌年微凉'),(291,'126','物流不是很快','13798564478','陌年微凉'),(292,'127','物超所值','13798564478','陌年微凉'),(293,'128','喜欢','13798564478','陌年微凉'),(294,'129','点赞','13798564478','陌年微凉'),(295,'130','喜欢','13798564478','陌年微凉'),(296,'131','很开心','13798564478','陌年微凉'),(297,'132','喜欢','13798564478','陌年微凉'),(298,'133','物超所值','13798564478','陌年微凉'),(299,'134','客服态度友好','13798564478','陌年微凉'),(300,'135','很喜欢','13798564478','陌年微凉'),(301,'136','下次还会买','13798564478','陌年微凉'),(302,'137','下次还会买','13798564478','陌年微凉'),(303,'138','客服态度好','13798564478','陌年微凉'),(304,'139','喜欢','13798564478','陌年微凉'),(305,'140','点赞','13798564478','陌年微凉'),(306,'141','喜欢','13798564478','陌年微凉'),(307,'142','点赞','13798564478','陌年微凉'),(308,'143','喜欢','13798564478','陌年微凉'),(309,'144','好评','13798564478','陌年微凉'),(310,'145','客服态度好','13798564478','陌年微凉'),(311,'146','客服态度好','13798564478','陌年微凉'),(312,'147','很喜欢','13798564478','陌年微凉'),(313,'148','点赞','13798564478','陌年微凉'),(314,'149','喜欢','13798564478','陌年微凉'),(315,'150','好评','13798564478','陌年微凉'),(316,'151','客服态度友善','13798564478','陌年微凉'),(317,'152','物超所值','13798564478','陌年微凉'),(318,'153','物流快','13798564478','陌年微凉'),(319,'154','物超所值','13798564478','陌年微凉'),(320,'155','物流快','13798564478','陌年微凉'),(321,'156','物超所值','13798564478','陌年微凉'),(322,'157','喜欢','13798564478','陌年微凉'),(323,'158','好评','13798564478','陌年微凉'),(324,'159','喜欢','13798564478','陌年微凉'),(325,'160','物超所值','13798564478','陌年微凉'),(326,'161','喜欢','13798564478','陌年微凉'),(327,'162','物超所值','13798564478','陌年微凉'),(328,'163','喜欢','13798564478','陌年微凉'),(329,'164','点赞','13798564478','陌年微凉'),(330,'165','好评','13798564478','陌年微凉'),(332,'1','点个赞','15677823365','以你为瘾'),(333,'2','好评','15677823365','以你为瘾'),(334,'3','喜欢','15677823365','以你为瘾'),(335,'4','物超所值','15677823365','以你为瘾'),(336,'5','物流超快','15677823365','以你为瘾'),(337,'6','客服态度友好','15677823365','以你为瘾'),(338,'7','好评','15677823365','以你为瘾'),(339,'8','喜欢','15677823365','以你为瘾'),(340,'9','好评','15677823365','以你为瘾'),(341,'10','点赞','15677823365','以你为瘾'),(342,'11','物流超快','15677823365','以你为瘾'),(343,'12','物超所值哦','15677823365','以你为瘾'),(344,'13','很喜欢','15677823365','以你为瘾'),(345,'14','下次还会再买','15677823365','以你为瘾'),(346,'15','孩子很喜欢','15677823365','以你为瘾'),(347,'16','孩子很喜欢','15677823365','以你为瘾'),(348,'17','很时尚','15677823365','以你为瘾'),(349,'18','很便宜','15677823365','以你为瘾'),(350,'19','很时尚','15677823365','以你为瘾'),(351,'20','很便宜','15677823365','以你为瘾'),(352,'21','很喜欢','15677823365','以你为瘾'),(353,'22','下次还会买','15677823365','以你为瘾'),(354,'23','物超所值','15677823365','以你为瘾'),(355,'24','时尚','15677823365','以你为瘾'),(356,'25','不贵','15677823365','以你为瘾'),(357,'26','比较满意','15677823365','以你为瘾'),(358,'27','很好','15677823365','以你为瘾'),(359,'28','时尚，大气','15677823365','以你为瘾'),(360,'29','很大气','15677823365','以你为瘾'),(361,'30','不贵','15677823365','以你为瘾'),(362,'31','喜欢','15677823365','以你为瘾'),(363,'32','不贵','15677823365','以你为瘾'),(364,'33','时尚','15677823365','以你为瘾'),(365,'34','大气','15677823365','以你为瘾'),(366,'35','便宜','15677823365','以你为瘾'),(367,'36','正品','15677823365','以你为瘾'),(368,'37','品质保证','15677823365','以你为瘾'),(369,'38','便宜','15677823365','以你为瘾'),(370,'39','不贵','15677823365','以你为瘾'),(371,'40','很好','15677823365','以你为瘾'),(372,'41','喜欢','15677823365','以你为瘾'),(373,'42','正品','15677823365','以你为瘾'),(374,'43','正品','15677823365','以你为瘾'),(375,'44','正品','15677823365','以你为瘾'),(376,'45','物流很快','15677823365','以你为瘾'),(377,'46','物超所值','15677823365','以你为瘾'),(378,'47','客服态度很好','15677823365','以你为瘾'),(379,'48','喜欢','15677823365','以你为瘾'),(380,'49','喜欢','15677823365','以你为瘾'),(381,'50','客服态度好','15677823365','以你为瘾'),(382,'51','喜欢','15677823365','以你为瘾'),(383,'52','物超所值','15677823365','以你为瘾'),(384,'53','正品','15677823365','以你为瘾'),(385,'54','便宜','15677823365','以你为瘾'),(386,'55','点赞','15677823365','以你为瘾'),(387,'56','好评','15677823365','以你为瘾'),(388,'57','好评','15677823365','以你为瘾'),(389,'58','点个赞','15677823365','以你为瘾'),(390,'59','喜欢','15677823365','以你为瘾'),(391,'60','好评','15677823365','以你为瘾'),(392,'61','物超所值','15677823365','以你为瘾'),(393,'62','物流超快','15677823365','以你为瘾'),(394,'63','物流超快','15677823365','以你为瘾'),(395,'64','物超所值','15677823365','以你为瘾'),(396,'65','物超所值','15677823365','以你为瘾'),(397,'66','好评！！！','15677823365','以你为瘾'),(398,'67','强烈推荐','15677823365','以你为瘾'),(399,'68','强烈推荐','15677823365','以你为瘾'),(400,'69','强烈推荐','15677823365','以你为瘾'),(401,'70','好评！！！','15677823365','以你为瘾'),(402,'71','点赞！','15677823365','以你为瘾'),(403,'72','点个赞','15677823365','以你为瘾'),(404,'73','强烈推荐','15677823365','以你为瘾'),(405,'74','很喜欢','15677823365','以你为瘾'),(406,'75','没辜负期望','15677823365','以你为瘾'),(407,'76','没辜负我的期望','15677823365','以你为瘾'),(408,'77','很满意','15677823365','以你为瘾'),(409,'78','值得拥有','15677823365','以你为瘾'),(410,'79','值得拥有','15677823365','以你为瘾'),(411,'80','值得拥有','15677823365','以你为瘾'),(412,'81','值得购买','15677823365','以你为瘾'),(413,'82','值得购买','15677823365','以你为瘾'),(414,'83','没辜负我的期望','15677823365','以你为瘾'),(415,'84','值得购买','15677823365','以你为瘾'),(416,'85','值得拥有','15677823365','以你为瘾'),(417,'86','很喜欢','15677823365','以你为瘾'),(418,'87','值得购买','15677823365','以你为瘾'),(419,'88','很喜欢','15677823365','以你为瘾'),(420,'89','很喜欢','15677823365','以你为瘾'),(421,'90','物超所值','15677823365','以你为瘾'),(422,'91','值得拥有','15677823365','以你为瘾'),(423,'92','物超所值','15677823365','以你为瘾'),(424,'93','没辜负我的期望','15677823365','以你为瘾'),(425,'94','正品','15677823365','以你为瘾'),(426,'95','是正品','15677823365','以你为瘾'),(427,'96','是正品','15677823365','以你为瘾'),(428,'97','正品','15677823365','以你为瘾'),(429,'98','物流超快','15677823365','以你为瘾'),(430,'99','点赞','15677823365','以你为瘾'),(431,'100','好评','15677823365','以你为瘾'),(432,'101','喜欢','15677823365','以你为瘾'),(433,'102','物超所值','15677823365','以你为瘾'),(434,'103','是正品','15677823365','以你为瘾'),(435,'104','物超所值','15677823365','以你为瘾'),(436,'105','喜欢','15677823365','以你为瘾'),(437,'106','喜欢','15677823365','以你为瘾'),(438,'107','物超所值','15677823365','以你为瘾'),(439,'108','正品','15677823365','以你为瘾'),(440,'109','没辜负我的期望','15677823365','以你为瘾'),(441,'110','物流超快','15677823365','以你为瘾'),(442,'111','值得购买','15677823365','以你为瘾'),(443,'112','物流超快','15677823365','以你为瘾'),(444,'113','值得购买','15677823365','以你为瘾'),(445,'114','很满意','15677823365','以你为瘾'),(446,'115','物超所值','15677823365','以你为瘾'),(447,'116','物流不是很快','15677823365','以你为瘾'),(448,'117','期待下次的购买','15677823365','以你为瘾'),(449,'118','期待下次的购买','15677823365','以你为瘾'),(450,'119','没辜负我的期望','15677823365','以你为瘾'),(451,'120','期待下次的购买','15677823365','以你为瘾'),(452,'121','不是假货','15677823365','以你为瘾'),(453,'122','不是假货','15677823365','以你为瘾'),(454,'123','货真价实','15677823365','以你为瘾'),(455,'124','货真价实','15677823365','以你为瘾'),(456,'125','货真价实','15677823365','以你为瘾'),(457,'126','值得拥有','15677823365','以你为瘾'),(458,'127','值得拥有','15677823365','以你为瘾'),(459,'128','点赞','15677823365','以你为瘾'),(460,'129','必须给个好评','15677823365','以你为瘾'),(461,'130','必须给个好评','15677823365','以你为瘾'),(462,'131','必须给个好评','15677823365','以你为瘾'),(463,'132','点赞','15677823365','以你为瘾'),(464,'133','点赞','15677823365','以你为瘾'),(465,'134','物超所值','15677823365','以你为瘾'),(466,'135','物流很快','15677823365','以你为瘾'),(467,'136','值得拥有','15677823365','以你为瘾'),(468,'137','货真价实','15677823365','以你为瘾'),(469,'138','货真价实','15677823365','以你为瘾'),(470,'138','是正品','15677823365','以你为瘾'),(471,'139','客服态度很好','15677823365','以你为瘾'),(472,'140','客服态度很好','15677823365','以你为瘾'),(473,'141','客服态度很好','15677823365','以你为瘾'),(474,'142','是正品','15677823365','以你为瘾'),(475,'143','货真价实','15677823365','以你为瘾'),(476,'144','喜欢','15677823365','以你为瘾'),(477,'145','很喜欢','15677823365','以你为瘾'),(478,'146','很满意','15677823365','以你为瘾'),(479,'147','很满意','15677823365','以你为瘾'),(480,'148','喜欢','15677823365','以你为瘾'),(481,'149','物超所值','15677823365','以你为瘾'),(482,'150','喜欢','15677823365','以你为瘾'),(483,'151','物流超快','15677823365','以你为瘾'),(484,'152','物流很快','15677823365','以你为瘾'),(485,'153','货真价实','15677823365','以你为瘾'),(486,'154','好用','15677823365','以你为瘾'),(487,'155','是正品','15677823365','以你为瘾'),(488,'156','很满意','15677823365','以你为瘾'),(489,'157','喜欢','15677823365','以你为瘾'),(490,'158','是正品','15677823365','以你为瘾'),(491,'159','很喜欢','15677823365','以你为瘾'),(492,'160','下次还会买','15677823365','以你为瘾'),(493,'161','喜欢','15677823365','以你为瘾'),(494,'162','正品','15677823365','以你为瘾'),(495,'163','物超所值','15677823365','以你为瘾'),(496,'164','喜欢','15677823365','以你为瘾'),(497,'165','是正品','15677823365','以你为瘾'),(498,'117','很好','13389756649','55'),(499,'88','商品很不错，性价比高。','13512341230','胡顺'),(500,'88','体验良好，下次再来','13512341230','胡顺'),(501,'87','体验良好','11111111111','1'),(503,'87','良好','11111111111','1'),(506,'87','真的很喜欢','11111111111','1'),(507,'137','很好的商品','13712345678','哈哈'),(508,'76','很好','15712345678','哈哈'),(509,'117','很不错！！！！','13389756649','55'),(510,'117','很不错，很好喝！！！！','13389756649','55'),(511,'2','num1','19917629713','123'),(512,'88','num2','19917629713','123');

/*Table structure for table `users` */

DROP TABLE IF EXISTS `users`;

CREATE TABLE `users` (
  `login_id` varchar(20) NOT NULL,
  `login_password` varchar(20) NOT NULL,
  `client_name` varchar(20) DEFAULT NULL,
  `client_rename` varchar(20) DEFAULT NULL,
  `client_age` date DEFAULT NULL,
  `client_sex` varchar(20) DEFAULT NULL,
  `client_money` double DEFAULT NULL,
  `client_tel` varchar(20) DEFAULT NULL,
  `client_address` varchar(20) DEFAULT NULL,
  `rights` int(11) DEFAULT NULL,
  PRIMARY KEY (`login_id`)
) ENGINE=InnoDB DEFAULT CHARSET=utf8;

/*Data for the table `users` */

insert  into `users`(`login_id`,`login_password`,`client_name`,`client_rename`,`client_age`,`client_sex`,`client_money`,`client_tel`,`client_address`,`rights`) values ('13389756648','789','李达','随便了','1994-09-07','男',156492.16999999998,'13389756648','河南省-开封市-兰考县',3),('13389756649','111','胡说','55','2018-07-05','女',21837.1,'199177768970','江西省-新余市-分宜县',1),('13512341230','1234','胡巴','胡顺','2002-07-17','女',382524.69999999995,'18846525256','上海-上海市-静安区',1),('13712345678','1234','wangwu','哈哈','2018-11-29','女',8502,'18876897890','山西省 大同市 南郊区',1),('13798564478','1234','王晓轩','陌年微凉','1990-04-09','女',1000,'13798564478','广东省-中山市-市区',1),('13845612356','1000',NULL,'差点',NULL,'女',7674.3,'18878979802','福建省-厦门市-集美区',1),('13879568897','1234','李伟','暖人心','1985-03-05','男',2000,'13879568897','辽宁省-沈阳市-皇姑区',1),('13978945564','zxc','侯万平','小枫指','1985-04-06','男',50000,'13978945564','黑龙江省-哈尔滨市-平房区',1),('15633247896','axf221aa','白天明','少年梦','1976-05-04','男',8000,'15633247896','黑龙江省-鸡西市-恒山区',1),('15677823365','1234','孟嘉仪','以你为瘾','1996-04-03','女',1007571.5,'15677823365','北京-北京市-平谷区',1),('15712345678','1234','王物','哈哈','1997-10-02','男',95202,'15712345678','福建省-宁德市-蕉城区',1),('15713215415','123',NULL,'a',NULL,NULL,0,NULL,NULL,1),('15764897785','cvb','吴宣美','苏瑾','1995-08-06','女',4000,'15764897785','湖南省-长沙市-开福区',1),('15765278945','qwe123','刘雪','物是人非','1995-01-08','女',1000,'15765278945','辽宁省-大连市-西岗区',1),('18712345678','1234','李昊','one','2013-12-29','男',1,'18712345678','北京市 北京市 东城区',1),('18812345678','123','lisan','大家好','2015-01-06','男',7201.1,'18812345678','北京-北京市-东城区',1),('18845631234','123',NULL,'dhausd',NULL,NULL,0,NULL,NULL,1),('18846071545','123',NULL,'实训使我快乐',NULL,NULL,0,NULL,NULL,1),('18846079837','123',NULL,'程序猿',NULL,NULL,0,NULL,NULL,1),('18846079850','123',NULL,'sda',NULL,NULL,9651567,NULL,NULL,1),('18846568989','123','赵东','北城南笙','1982-06-08','男',63041.6,'18846568989','辽宁省-辽阳市-灯塔区',1),('18846831245','123',NULL,'你好',NULL,NULL,10,NULL,NULL,1),('18846953344','dafhajk123..','李萧','言不由衷','1992-05-03','女',2000,'18846953344','陕西省-西安市-户县',1),('19917629713','201314',NULL,'123','2019-02-25','女',99989114.61,'13879677890','北京-北京市-朝阳区',1),('19917629837','123','管理员','Admin','1997-11-02','男',9999999,'18846433044','黑龙江省-绥化市-望奎县',0),('19917899090','123',NULL,'ooo',NULL,NULL,0,NULL,NULL,1),('19998089908','12222','应用','物语',NULL,'男',0,'19989887789','上海-上海市-虹口区',1);

/*!40101 SET SQL_MODE=@OLD_SQL_MODE */;
/*!40014 SET UNIQUE_CHECKS=@OLD_UNIQUE_CHECKS */;
/*!40111 SET SQL_NOTES=@OLD_SQL_NOTES */;
